year,crop,region,temperature,rainfall,humidity,soil_nitrogen,soil_ph,yield
2010,Wheat,North,28.4901424590337,779.2603548243223,68.79088666995858,184.21125308164386,6.3916655057071825,2.790537899810203
2010,Wheat,South,20.213515699898203,1036.8819223261087,71.13947783322327,138.2631403516262,5.863649934414202,3.1396816047944562
2010,Wheat,East,23.285859502737576,661.3875743379342,45.487153479551814,165.0860306259533,5.593331326427231,2.539987101140827
2010,Wheat,West,24.69607049417077,796.3317233758902,67.84441053697945,160.42527774157938,6.4009985039390855,2.73908387642651
2010,Rice,North,18.919841152809724,967.9135417342757,67.32827201009746,134.11100649313403,6.380304987479203,3.4986502775262065
2010,Rice,South,23.8268672131323,742.0290574153166,55.72983806459934,164.15282066952602,6.35031174898249,3.772510120458575
2010,Rice,East,23.968999391834892,590.9874588690944,70.90773263996329,154.28420702974927,5.676985004103839,3.0591823191421406
2010,Rice,West,20.250117359389336,1151.111950115457,73.56788149613895,152.41041197575646,6.051998364045087,3.364814700031776
2010,Maize,North,20.469740229922145,723.0011891904251,69.65698235770431,172.19371148983393,6.958014336081975,2.4160782476777363
2010,Maize,South,26.072362872446355,774.7692367851372,74.31814916403619,143.856307814324,6.837682505327215,2.6653365448967286
2010,Maize,East,27.85001618652154,1058.9774702863047,64.42391902735733,175.0883224473006,5.739188491876604,2.337566718038021
2010,Maize,West,27.386786391687824,683.0447179010182,58.2488291172486,146.23665354350544,5.903438404670792,2.283272021169977
2010,Barley,North,22.820548209014994,944.1760649627532,72.22825992500674,150.47500827655375,5.99858445829775,2.3477894044741516
2010,Barley,South,21.44518934517906,768.175786743256,61.58504964768222,162.53620828812012,7.242921180375435,2.5474005318225235
2010,Barley,East,23.410719388698883,876.9901149670034,62.24735566950945,168.76964713973553,5.7441759094013465,2.0451674926373293
2010,Barley,West,22.232706089123173,741.1837770301763,53.29188041494305,157.4030069266144,5.513904261062382,2.1148002508570896
2010,Sorghum,North,15.03447185730959,851.827691583315,56.22987363774916,172.8721080481503,5.988251044495549,1.7516877321248707
2010,Sorghum,South,21.290514954804788,700.589252993268,63.82821754606707,128.84957458860737,6.892608545679577,1.8895261694341934
2010,Sorghum,East,20.725018638445274,868.6123473078715,61.4658718141919,147.89587287047055,6.190142496053366,1.749016393856093
2010,Sorghum,West,26.19738112564791,850.9731446279966,64.94095880044341,169.1824209676601,7.023239230657435,1.600769705138036
2010,Pearl Millet,North,25.373095841129143,663.5918817807892,76.2416424470255,184.80814383729756,6.571549368149517,1.4009463674869311
2010,Pearl Millet,South,21.301106811191683,737.5315454672938,71.8600260127049,167.95320699561776,7.11900209227943,1.5453381074287156
2010,Pearl Millet,East,20.83910602142356,759.5099346386464,57.644606126129574,188.7483601254385,7.373459977473469,1.3150562040921048
2010,Pearl Millet,West,20.343462878513453,830.8475201010006,53.45213318643009,124.30722839778778,5.849909854191872,1.4954178603292956
2010,Finger Millet,North,23.039101699299653,856.6654387959637,62.40407233736885,144.85333207261237,7.294431515906654,1.2259882794248422
2010,Finger Millet,South,25.34546861533193,944.7215873492653,56.481350777095955,152.71779499068464,6.30901625424438,1.3316340011730539
2010,Finger Millet,East,27.561993359484703,1068.2890785988193,57.1169456229945,122.65148977328815,6.471227507172453,1.0935593139134954
2010,Finger Millet,West,22.95285518044266,799.2714583023455,61.933413549872775,138.4368284949562,6.988341046113124,1.0343127513387023
2010,Chickpea,North,24.120316103658283,965.7392327675224,54.04103154626963,130.70548126266854,5.987979286758167,1.0922898290585896
2010,Chickpea,South,26.02345592444993,778.8652168298975,71.97729487482763,182.50862869991352,6.8378481193262,1.0622123859525825
2010,Chickpea,East,25.880642431048912,875.5395596217227,76.83879020158842,159.91935703177822,5.5872075435088675,0.9889575012196207
2010,Chickpea,West,25.571796115343567,766.4805822011224,70.71200395273674,161.83094061433863,7.427239954178505,1.0380812532975972
2010,Pigeon Pea,North,21.64261330296599,916.5574692355412,60.125012992924695,129.6619725759994,6.470559748552631,0.7658596502053836
2010,Pigeon Pea,South,20.13491613716955,894.5112407901511,79.10349977842583,155.7738430736283,7.480107700208526,0.9010169419470603
2010,Pigeon Pea,East,25.174626155338,628.5544553254065,72.06270128407512,138.76739034760544,5.773242662884058,0.8504796634639861
2010,Pigeon Pea,West,30.336773031657884,877.255290081299,69.11028760729766,162.8761921576512,7.09659035793355,1.2210094916121985
2010,Green Gram,North,28.992643983916256,948.2303915756167,62.47784604287723,168.9742305123317,6.251165905279888,0.8165022798109339
2010,Green Gram,South,22.432213246511896,662.9881194016377,61.35973460809947,139.68095967024735,5.577669468858846,0.9455208016984755
2010,Green Gram,East,24.063258755358987,517.9531117321166,77.48304112906303,153.21377500177704,5.931642054993686,0.6542670031454578
2010,Green Gram,West,23.649375768745923,743.8217661364296,54.67027109491054,130.86226585481654,5.76549084448594,0.8001198073580862
2010,Black Gram,North,26.67841657451662,727.0674071370314,58.6598340925384,147.13158896332752,5.550701486830915,0.6228180922243245
2010,Black Gram,South,29.983905191824462,782.6789885114401,71.65366861580678,142.01612305463055,5.865731994214615,0.7474921843974653
2010,Black Gram,East,23.551566543228674,886.6845702648252,68.01837012368327,191.28377466198725,6.723441492468704,0.4932567030641387
2010,Black Gram,West,25.547297781401245,764.3912058189997,79.97604544377843,149.5139464775113,6.446943541561131,0.5764037926266972
2010,Lentil,North,26.242295545820518,612.8325227052726,62.40483641946081,163.11522501576272,5.53060908058077,0.9001813611194677
2010,Lentil,South,25.26780584537496,945.8949300348187,77.35579870966234,158.60170328505055,7.101898589364799,1.091885579717354
2010,Lentil,East,25.247317030892972,1071.3435243530243,82.06426699725013,101.19780501193745,7.38292961755305,0.849539442609309
2010,Lentil,West,24.67450633430946,699.6537759024973,58.0553261967641,136.3740596163227,5.5779262646204675,0.7345986813563281
2010,Kidney Bean,North,20.368823791924314,967.5340160302518,72.07992373749332,138.3867562838758,5.546543871471652,0.7410635243055789
2010,Kidney Bean,South,27.548806291063073,942.8016640770041,76.62040197969897,159.05034779856177,7.106961860769697,0.9439445547439298
2010,Kidney Bean,East,20.513014967233783,715.9728439704545,79.96339118252413,192.20042580922288,6.963295510599281,0.6869013495612276
2010,Kidney Bean,West,25.356829551122015,1032.9289663758989,61.48385699620578,139.8021161807176,7.305105813359133,0.7848541903173843
2010,Groundnut,North,28.916436421462986,803.1505762449139,60.282777146502674,142.5424694209073,5.606970593494738,1.5392041889732595
2010,Groundnut,South,26.626424257218947,814.5493947489077,69.76125620349531,129.5444829191632,6.0864215433961295,1.8801626003254008
2010,Groundnut,East,26.61476876533572,620.5009296179717,69.99295853641723,165.70863773160698,5.68241220609738,1.2870768079717274
2010,Groundnut,West,26.97354886126258,1072.049986381836,68.2366631609402,152.25181467454152,7.17696152752797,1.4328593914010455
2010,Mustard,North,18.68161521009881,742.4768710707857,69.47287362091622,171.81353978576198,5.6626975612837995,1.2551915658502675
2010,Mustard,South,18.777608676870337,700.3658835043366,75.88089092998537,99.07310162569652,7.312708770189472,1.712703550859694
2010,Mustard,East,22.942951376291933,649.6205953043286,76.5499776774861,102.12731575976194,6.981947721821337,1.3182802298112342
2010,Mustard,West,28.608079604714575,877.9019771361759,77.26191130402063,147.28099628857856,6.071424172563722,1.3681626135993992
2010,Soybean,North,23.970396290106496,868.6514681643258,49.82602223853662,164.97733314572852,5.586801566596345,1.8843574022780345
2010,Soybean,South,19.801035565280095,1141.3641946350806,68.24981348039942,139.2014449597907,6.755116160168127,2.1845963707135625
2010,Soybean,East,25.616961910162033,827.5013008607527,63.85373393026336,134.9848829687604,5.713512131871768,1.5311493713094366
2010,Soybean,West,23.52650941375163,597.1324167635005,60.532637044537914,130.04411954921167,6.019899725708525,1.582904741738204
2010,Sunflower,North,21.515319717304155,792.5780670825203,72.60339070548841,135.57740860843992,6.869462345107759,1.2741963016529465
2010,Sunflower,South,29.429975876288886,615.2403848735262,66.51667936128472,184.98991619631832,6.4607401637327095,1.2707829173316048
2010,Sunflower,East,25.152642465696864,1015.4275202116648,67.20508126309926,156.96807587426653,6.43738631958994,0.9365015107085068
2010,Sunflower,West,25.201874931138683,838.908396349954,67.41878632265315,187.90583307334742,7.389531459764856,1.169683555704305
2010,Sesame,North,23.649803585562267,893.4274898521248,59.74776838824946,130.52299426880313,6.049463594051818,0.6333173294839824
2010,Sesame,South,24.22629350636937,675.816038162643,62.569084516552586,156.0583421520778,7.044636783471279,0.8852138813243262
2010,Sesame,East,28.53789155219148,810.1277722115163,68.3097023996166,183.55221260764787,6.46009193403695,0.6657114220893218
2010,Sesame,West,23.830268826970666,655.2614809129843,70.48841167998751,176.4606121712397,6.284488090199464,0.4029197487898041
2010,Castor,North,25.65819068073846,779.438326843722,77.01885641676823,151.85236951049438,6.29308556464254,1.3981547376730081
2010,Castor,South,23.992101671191797,770.7994607183781,76.35738382034995,161.518426689098,5.632471955703732,1.4944716165195744
2010,Castor,East,25.384123205675383,727.7992476080412,73.98142147838416,113.97010598760004,5.980291237556386,1.2029938421487163
2010,Castor,West,20.180360641017934,790.5981354090242,72.6411385640099,125.35684884161141,5.8845780376173416,1.2828844189741953
2010,Linseed,North,20.553502780134533,716.1461760149215,78.4634117149835,209.54091986269876,6.211982968543972,0.6781510358713415
2010,Linseed,South,21.51902492419208,877.1883486035808,74.63708058060661,171.28385661501275,6.9965193807673165,0.8117599905210894
2010,Linseed,East,25.40849655716842,713.627263903298,64.71842449230013,151.4139737397292,7.0199108178751715,0.8802656494330702
2010,Linseed,West,25.757439365030756,886.4835444583649,67.49000123634829,226.97202021138094,5.714344022679552,0.8663596165862848
2010,Sugarcane,North,31.571362230581425,431.4879414704781,67.34932818887573,137.78075441361167,5.864567756951916,65.11895997812847
2010,Sugarcane,South,25.670008476089066,684.0162544320765,62.193686038617045,155.4555683132774,6.85820463828898,71.60016205346082
2010,Sugarcane,East,26.976082076050147,1021.9916208335039,77.50250852966488,163.89100599083835,6.615484531900875,58.63314905350459
2010,Sugarcane,West,30.95840921868065,668.6572619922864,53.93760215228531,173.15443868829104,6.2121934517956925,61.93139458084466
2010,Cotton,North,23.08307279484864,819.1048217805734,63.35008832835307,93.05123955473607,7.201635035672292,1.217396632916957
2010,Cotton,South,29.723615841727284,835.5986577139615,67.18861922510902,131.89995508489253,6.837286439848862,1.2614161667557555
2010,Cotton,East,25.297996916287676,912.7080685057683,72.4640971231068,130.95662710680452,5.874087497115047,1.0113066759111735
2010,Cotton,West,17.585353698006443,832.3790972283508,78.67196530551067,174.68732514251806,5.674580359179351,1.2125994168601812
2010,Jute,North,25.29275659582707,801.619724721455,59.785311137582724,151.18496678291035,6.173208556387841,2.139803132110362
2010,Jute,South,25.28075328390608,1158.4817408327485,60.1646841749463,144.6698218273709,7.201454920032909,2.4375486746303796
2010,Jute,East,21.320774075815184,1025.753767199123,66.357834275123,152.23484797864123,5.8624661323313205,1.9877930808725612
2010,Jute,West,24.53296829382376,879.7875338328269,70.5708090132199,162.90311821444226,5.872809973576288,2.1351718959376718
2010,Tobacco,North,26.96019921374466,606.3313416576941,71.96899762745353,141.84941169580398,6.284890214845271,1.7749877398925489
2010,Tobacco,South,28.9031572994869,837.5285738371465,71.44588239620894,91.84120716250558,6.654972541812251,2.1461883539925983
2010,Tobacco,East,21.368496522791894,557.9884016673811,72.13928655852169,152.3905111472348,6.748475991827984,1.4869272378798144
2010,Tobacco,West,30.431262129620787,798.0883774267447,73.43516172679291,161.98952311082718,7.495385231847687,1.8603879254258708
2010,Tea,North,29.484460471170316,951.484244157449,77.07817049967699,160.05086200117304,7.253531273523499,2.10375399442579
2010,Tea,South,25.469950803435758,683.0860706183701,47.42788319334393,151.3788969104653,6.579721274225673,2.475625813060617
2010,Tea,East,15.28120627584697,742.1692640048133,71.95684736084529,183.89094647012377,6.8878968889342005,1.6531003728514335
2010,Tea,West,23.842892962754597,623.332168776147,59.55790730244873,108.01351794995524,6.729900526305309,1.8425190077807692
2010,Coffee,North,26.193497469614474,734.0203568576874,65.87515835683914,168.1441655974673,6.893301647753784,0.8216861036982939
2010,Coffee,South,26.32634999594042,709.6028292042026,75.41479334528076,134.31452789056308,5.872641758988241,0.825507183277563
2010,Coffee,East,23.579721421898512,942.7824527042831,85.30952881389989,163.09881667769486,6.298005407740261,0.705779289127891
2010,Coffee,West,21.71935679015774,927.8369733545402,46.434101008174956,144.25301071384033,6.193906403792456,0.8196733012806636
2010,Rubber,North,25.992645902129617,1050.353228793409,68.77350484158272,111.7558924206798,5.831026634855948,1.428169658382925
2010,Rubber,South,27.717662834471508,759.6666964167754,56.14779273006664,214.3339950812465,5.634152954776855,1.6565140277415937
2010,Rubber,East,24.65236888429656,901.1420703120162,61.415782881598155,96.89754814174566,6.749951974102105,1.447749497409269
2010,Rubber,West,25.816253045290214,1008.2873403560432,43.72518914360502,98.04058362702642,6.619280662616436,1.3071391926196807
2010,Black Pepper,North,21.971937217758953,744.2838701006312,65.87786111350235,145.40159611477554,6.044603709440599,0.5063633240368555
2010,Black Pepper,South,25.854542188828862,940.3517589721191,75.17244075995328,168.04180160108086,5.539421075508728,0.4258043051661048
2010,Black Pepper,East,27.296237332912003,780.4482281019187,66.14572361998017,174.45732455290644,6.941626192621014,0.5624824787470094
2010,Black Pepper,West,24.26097376155356,758.6285651597012,56.53974998853326,134.91409362743093,6.766481549821921,0.4505733842315143
2010,Cardamom,North,25.066514741098352,870.0173825397294,67.64255254594093,171.75024768910185,6.907892270277019,0.3227261409134568
2010,Cardamom,South,29.243941302185746,694.3484464185861,53.732309629091525,111.08427066190241,6.748297815698268,0.39666109464802035
2010,Cardamom,East,28.740084209588762,474.5183469438712,62.06421440895694,161.80991607098395,7.44909453039774,0.23804709051179482
2010,Cardamom,West,25.772419703747975,945.7734035259103,64.75233399490742,141.60712317783572,5.544938616640235,0.4128741997091481
2010,Turmeric,North,23.923405306676177,543.4747411015062,54.133218245710786,138.26402716476136,6.790108335538659,0.5955505253600121
2010,Turmeric,South,22.332815840336472,719.0360479535958,58.7735621967815,154.89613137744203,6.048110441374412,0.6623789944623465
2010,Turmeric,East,31.01672213691986,907.6387369689575,60.509065127234734,157.85509332376128,5.780037077320898,0.5491080082581782
2010,Turmeric,West,24.27109830753008,1043.0800167748816,77.5639570820891,124.90605271091573,7.32882389184992,0.7134781570103206
2010,Ginger,North,19.477377306005064,608.0634549896448,50.16171356672555,125.2604235606315,7.417254354626441,0.8774994096629625
2010,Ginger,South,26.622776511290787,912.2052088942587,77.00777304451432,146.80760373473072,7.408173873079266,1.0510659817582233
2010,Ginger,East,24.850574104520273,632.1327607959937,60.39489739009781,153.05024536613405,6.492732494402473,0.6579398496529557
2010,Ginger,West,27.961366600386132,482.09639479420366,62.19307754421168,123.85218327857254,6.9098510993779065,0.6858471150950042
2010,Coriander,North,24.16592793739071,1145.4367846584669,68.99790096089689,163.31487773426377,6.889392941708854,0.8621809962217197
2010,Coriander,South,22.28932584032863,947.8584075235345,60.24428361489422,155.43769764233903,5.673410423724367,1.0940458413310454
2010,Coriander,East,26.85359910180168,903.3554304822458,71.67137723639124,161.47950198071092,5.999336017718372,0.5826103324472028
2010,Coriander,West,24.826285277986646,821.7406122171772,61.94013586033527,152.58694413282964,7.49870699913167,0.7092313648277799
2010,Cumin,North,23.24701100705446,1190.8966200439277,68.57311785213669,144.6681906008552,7.4421164903307355,0.5960444846143345
2010,Cumin,South,27.044502092117874,789.96855132841,59.690992388943386,204.77665013899292,6.800334700886456,0.6974074393577755
2010,Cumin,East,25.706764020167576,498.2122995194343,66.7770701730697,138.03128445841307,6.1797499275361325,0.5165075472077885
2010,Cumin,West,27.404954162459067,826.3131612950169,76.10872897155346,180.75403283642865,6.540336219757464,0.6494257998601547
2010,Fennel,North,28.030410997676334,770.5608201085566,70.70719672164357,151.17543032809363,7.097566471547331,0.6482711549899627
2010,Fennel,South,27.22804232055674,1189.6556964851575,59.79703244743978,133.05727485937388,5.683398670222861,0.602663063795249
2010,Fennel,East,23.8609218753618,487.2173534651842,61.638505463233145,142.9553847784873,6.209244315281553,0.5394495696224854
2010,Fennel,West,21.84726412651544,561.302825618614,70.09305187530252,143.8732595420916,5.748875114593712,0.5811000617158346
2010,Mango,North,28.68923662191771,570.1208987124019,83.47778204324949,133.40257716133337,5.834067892184151,8.016645220821305
2010,Mango,South,24.47735379202445,780.7682710857334,60.99088026177144,161.71408733428805,6.759555845992306,8.855900875524135
2010,Mango,East,25.289635790616327,575.0244633014684,51.40794236125066,154.43438479598865,6.530495848629451,7.2152687600523775
2010,Mango,West,26.99096219044848,717.1665433578543,70.06345454204408,155.0730755212825,6.685879869683406,7.456004309075262
2010,Banana,North,20.479669764249984,824.704674115571,53.049362870286075,132.09859698165013,6.453353656660736,24.99309774850038
2010,Banana,South,22.437264007189246,672.4165312006706,65.83788238910505,106.28632537606184,6.019507567520653,27.36169256695283
2010,Banana,East,24.900619081378608,1069.1836795276681,72.25995814733804,150.8973637441925,6.642637883839148,22.549020069988654
2010,Banana,West,29.050662632560748,887.5892277988946,62.12566327370352,164.76637076730773,7.201163458188484,23.855326840155374
2010,Apple,North,28.216852779421135,907.2510520701711,67.54244135361508,134.26208629877289,5.878443079570012,10.104020592822366
2010,Apple,South,24.71573987926479,744.4514947104055,58.33152810176587,132.76149197299085,7.135934048238124,11.054445106931768
2010,Apple,East,27.086234468804452,991.7677793910948,70.22027755007583,102.6863503674009,5.7316877135605155,8.980092240144678
2010,Apple,West,27.569162650674173,837.4075525566133,77.6196262381078,147.61761169032619,6.765243786267896,9.526507044948183
2010,Orange,North,25.526637489671526,861.2768522566139,71.01522094426159,174.42247695092664,6.447147776870177,11.941345191147866
2010,Orange,South,32.73241376537636,855.0653400182101,60.793556901496345,146.7240398250251,7.040814835615587,12.976123573531195
2010,Orange,East,23.334401419920404,1082.1735604160885,70.42639528953633,148.7992617321456,5.704387239387438,10.808005704534873
2010,Orange,West,26.4977411461142,646.815077430393,70.66685157839483,156.09501784427997,6.809022428562271,11.346412530080011
2010,Grapes,North,22.332761664633303,627.9562056899841,50.22582052422879,135.83326468724735,6.141485480876255,15.094216650516383
2010,Grapes,South,29.58028915242921,811.1309320700233,63.16477917815718,173.76256888206564,6.446419813383114,16.46227265888671
2010,Grapes,East,28.02817603913311,868.5129828730676,78.01215577359746,87.96762533586997,5.535723784956639,13.441502410932289
2010,Grapes,West,27.811670864604547,987.38026512313,68.93123653615598,124.23206242996193,5.750371584405101,14.245272181583337
2010,Pomegranate,North,22.97082309382219,1070.1410649366223,60.408884141318936,138.39022308465653,6.80303893360453,9.089073808377488
2010,Pomegranate,South,21.846619128715105,1094.4233951068188,61.91951790512395,158.2123842532454,6.94377525585387,9.892048817412253
2010,Pomegranate,East,28.645465026615263,911.3126882785698,67.06397593696053,161.72791774452656,6.998323278202566,8.070897940894241
2010,Pomegranate,West,25.142810655443053,1025.5097452650725,72.01889832460537,144.4758956542584,6.1529226164879836,8.55255415470448
2010,Potato,North,20.371043996077457,805.6490349751907,53.91702507464214,122.31701216634221,7.454932772629571,20.06321161012684
2010,Potato,South,24.063700056416238,725.9805775453976,61.44013342900912,156.88776405870632,6.912951452973802,21.912160015283323
2010,Potato,East,25.17889110976052,702.9594833441639,75.12157801298959,163.98398021820827,6.724515971762316,18.1904180149725
2010,Potato,West,24.38423611115774,770.3070310147505,75.5382258138495,160.03359067561973,6.963179043510664,19.20733816729682
2010,Tomato,North,21.045745989156654,727.4171248918518,52.53933771310613,176.3590887096801,6.44036518539333,25.057119392056798
2010,Tomato,South,24.125753766856157,796.3468111608526,82.13816286889491,193.1885792525178,5.9569094826625975,27.54799560366415
2010,Tomato,East,23.616518338496082,884.6416082040105,61.7014950501211,114.70097558639372,5.907156560684485,22.469703954541096
2010,Tomato,West,24.055264029781142,939.9318626492932,71.98526838895319,103.39171179227263,6.242077525969205,23.66434792912662
2010,Onion,North,25.673355455679918,957.0647453918232,64.15686459650139,194.52073032416607,7.246846476163321,15.982737270005918
2010,Onion,South,27.650979812460015,608.4169301115376,52.609761419902306,181.15817214493634,5.9715841879184195,17.58605073523067
2010,Onion,East,23.571098077093517,1008.2469052150711,60.59755876923664,133.20941580154872,7.442790188083279,14.429142011484535
2010,Onion,West,22.12553006301953,665.9198525742784,63.883956196107434,190.25168671733448,6.658829798687002,15.043651229696044
2010,Brinjal,North,20.942787239634967,841.3287316202797,67.99424044461844,147.8288805717452,6.016266865402255,17.87053185242791
2010,Brinjal,South,26.482480362135558,684.9570141676354,58.91880582193663,146.23950363845418,6.161778725978344,19.90951034438985
2010,Brinjal,East,28.853102894060058,711.5032114378334,52.547344810721995,139.29712097585218,6.73428997320806,16.12454512579939
2010,Brinjal,West,24.561993261602627,554.4912513050989,74.64553168065144,187.3672143841095,6.910771188224407,17.11688680989014
2010,Cabbage,North,28.28435113491974,775.8187297145198,62.927662833434376,145.09125377287555,6.039499223033979,22.00483851182858
2010,Cabbage,South,22.937369645981224,909.8960115823369,64.35426735913134,151.96587975790226,5.583145718100784,23.98019792470147
2010,Cabbage,East,23.41802778086379,867.8802337732002,52.64428405114826,162.58572706504694,6.543460093272426,19.838508360947138
2010,Cabbage,West,20.736332896198174,659.2298134691227,70.15414527607442,156.91422881487318,6.387500438609142,20.838182213952216
2010,Cauliflower,North,24.42795279770996,832.6149309769585,64.17724669491145,149.33014133410842,5.988294580844748,15.018377113462304
2010,Cauliflower,South,23.500308858789552,965.8288899436976,74.49624244448304,165.96825555072962,6.287728811308317,16.37426945959965
2010,Cauliflower,East,22.685115032749366,844.4942479514264,64.48689322725606,158.21906025758702,7.241506900674518,13.530654001718988
2010,Cauliflower,West,27.305544647570155,845.3598266357337,58.71717485990357,172.53686574869465,7.255782318082655,14.236808054216507
2011,Wheat,North,25.369700240113623,803.6632530565415,65.96399967031441,124.28314167177291,5.511517320996243,2.8054781429399953
2011,Wheat,South,22.679847352217116,538.8933854879754,73.57120728298977,205.30478273461713,6.591373776990947,3.328934865311638
2011,Wheat,East,26.090905077005914,861.6741532269234,78.13612128109095,175.24542723356586,6.738980692019229,2.4211764709415293
2011,Wheat,West,22.95102300894663,602.1342088066582,66.36776777254575,89.58870586968776,6.5988284768609065,2.7187054961859105
2011,Rice,North,29.56470113886213,1026.5915017385873,62.978514495992286,159.80211324252173,7.354069089592613,3.5397091927428477
2011,Rice,South,22.15797476939968,942.3997849089149,83.77637986698184,163.06046533206413,6.56452042667808,3.999369040512085
2011,Rice,East,22.513215757402236,893.9027239905839,57.0829749074373,173.5192796997054,6.327098203050703,3.241510957164388
2011,Rice,West,26.52232836570987,920.8716917280648,68.1586059552616,135.4691206729292,7.086814516295675,3.3492769758442553
2011,Maize,North,22.532135753532696,842.8687649127153,60.368293958446635,151.5922098412904,6.766302751188045,2.627335401932744
2011,Maize,South,26.629894087109165,1281.3613157724785,68.30445227028946,164.48225360762214,5.849546885654754,3.0042912913191513
2011,Maize,East,25.219249819634776,826.0528696193783,70.97732179407664,132.47920802834787,6.049612071096272,2.3270496154202815
2011,Maize,West,28.743226218021203,962.724500412601,70.44804990993245,143.87999395484246,5.805967601657125,2.3772374569626833
2011,Barley,North,24.508397692899212,808.6901124812898,63.51769872897833,146.75448250666435,5.547277172092673,2.43756409539213
2011,Barley,South,31.870189686897135,776.6572136131639,54.04157616336738,147.79294879121863,7.475571040429775,2.8303842439344424
2011,Barley,East,28.243625443139365,741.7240035542219,50.054396800358845,100.64656379160283,6.949033702797236,2.118691539209255
2011,Barley,West,28.61220405665465,603.3746043693244,69.5067637000402,122.48051792908288,6.209992611663875,2.1317769996957887
2011,Sorghum,North,25.102250404777678,742.103042130616,60.83268944530652,155.13571490678675,6.780336447656332,1.9782347799555322
2011,Sorghum,South,22.33015208760959,543.0922719798953,67.99245255878057,180.6917248118323,7.488278722442335,1.9735557047364347
2011,Sorghum,East,27.084993702330625,1183.868494188661,49.39105220120914,134.2767777202827,6.660950013433349,1.84160400720188
2011,Sorghum,West,29.083218956836113,718.5251459998369,65.65021474213623,189.58662563460234,6.195143048477965,1.7902062317252594
2011,Pearl Millet,North,28.273930361782806,966.3769777379653,60.7287271894656,114.82139934462708,5.804832026660835,1.736415421627434
2011,Pearl Millet,South,23.425150740919715,828.8444936645469,61.82884931961756,160.62947105686754,6.716972825319583,1.8135385956538461
2011,Pearl Millet,East,19.285511675583297,871.3592173443909,58.7120843159364,116.71917616105554,5.675285493527677,1.4614418628451427
2011,Pearl Millet,West,29.12426736557003,777.7573130015334,71.50555525482318,161.2252740854734,6.649174764635533,1.4839521448689148
2011,Finger Millet,North,21.01820749119589,1065.4462086340463,72.09158557613007,92.65059149916036,6.755900105545272,1.352411545161579
2011,Finger Millet,South,31.00583790040892,959.7587289231483,69.79675290625195,137.32192349858525,6.3059603575303225,1.4206171957126776
2011,Finger Millet,East,26.60952953071121,721.2069604541351,65.69851979206851,163.66729014428282,7.36546148095251,1.1185987687531365
2011,Finger Millet,West,30.887637893900816,863.2477430785299,71.54213039360229,184.75518872543284,5.8496772545208255,1.3023423481514664
2011,Chickpea,North,15.422844099192535,877.7184635282781,58.60368863013853,158.78869897064723,6.456468046096145,1.0569798945375675
2011,Chickpea,South,23.108330525990386,949.8902795345685,65.43190734756634,104.93977731264457,6.512283725680488,1.265497969461299
2011,Chickpea,East,22.181993818543738,843.885862965215,51.7485370786308,181.41090855862973,6.2729216823182945,0.9737844051222977
2011,Chickpea,West,23.834987183660644,891.4942876392597,62.303312231055685,134.6649334114765,6.884322683388264,1.1256157488316674
2011,Pigeon Pea,North,27.047060141386808,748.8098280946688,59.13595149378687,131.41774992587582,5.941605259571278,1.064169273771787
2011,Pigeon Pea,South,21.916291702858913,697.5446599781026,63.32831610134375,146.78731297860486,5.88924502364153,1.2254468550035014
2011,Pigeon Pea,East,21.489660921821923,574.2758993464034,61.75038209102534,120.94232109030955,7.427644550964702,0.8625477687734228
2011,Pigeon Pea,West,21.831746367520886,778.4862787395065,68.13443204322037,113.02721078064678,5.524241549287787,0.9817695614270594
2011,Green Gram,North,24.01768130087342,862.2863151852055,74.57257201331593,146.03676067432576,5.696165161568489,0.7957996561384918
2011,Green Gram,South,24.87973446203034,492.8483398003287,61.44043391900263,128.12949049809703,7.070033087674114,0.7562151308473467
2011,Green Gram,East,20.992781784020252,1036.4291262151862,67.60141437223251,145.83189917282903,6.0061168656015695,0.876533080614031
2011,Green Gram,West,28.52600474876141,987.9987604386187,67.39434064325194,182.54353223496994,5.63330408112138,1.0176939327370906
2011,Black Gram,North,19.426129582136582,877.5117074574349,60.1652874274935,148.10456510454466,5.57604369647491,0.8944112896952583
2011,Black Gram,South,30.6832567794579,648.2452200725098,57.22708769191479,180.01034769861064,6.822741222140829,0.8243578461056134
2011,Black Gram,East,21.645771027198084,796.4057602719249,75.04158787562602,154.7104002074357,5.6374256650365355,0.6617787334698338
2011,Black Gram,West,22.56580804614284,1029.2970100618638,58.945639291444316,114.45473333145391,5.91137452439111,0.9169770659838107
2011,Lentil,North,25.84353868680836,716.7913049982013,72.69759483676094,148.6785011427175,6.144431006889256,1.007798754788808
2011,Lentil,South,21.79895024074637,1104.0333956865093,79.39417260015199,168.64503127651008,6.8129572146630055,1.1818934258437641
2011,Lentil,East,23.905141811371344,730.8436699052398,60.2417899635547,117.96755816307862,6.364153765888392,1.0986537281611928
2011,Lentil,West,21.69037490283495,918.5502136221643,63.66893336513341,148.85298045047702,5.525429779973787,1.158433898956409
2011,Kidney Bean,North,25.23856222194321,808.7422527114707,82.0315724459648,167.21695059213565,5.9421267429074565,0.7857497877127856
2011,Kidney Bean,South,27.702412641339887,1050.2347568212567,58.604847390708514,157.3631185613464,6.9558943534614865,0.8176916860369835
2011,Kidney Bean,East,27.96747214701845,756.355662899946,64.8929230747757,163.41041830987606,5.8013522154197545,0.735957618150337
2011,Kidney Bean,West,17.682169615052537,906.4694579335152,85.81346491344316,164.1377411407886,6.877770604100181,0.702077906928237
2011,Groundnut,North,23.985956481119626,1013.7147220644626,63.89235212812981,119.39254409276586,5.518663239654186,1.6979511031990262
2011,Groundnut,South,20.219860692523454,728.1926553142093,60.03323824573886,158.47162892629356,6.121857860015108,1.866472112594712
2011,Groundnut,East,29.2776329997595,962.2704735680861,60.88286760625482,122.24441533726001,7.067583568970795,1.4415335414660013
2011,Groundnut,West,25.04406458418759,918.1357210521563,67.5546655175471,169.345818591057,7.012529315782905,1.6409569967841997
2011,Mustard,North,26.681814272885884,1066.041373742927,78.81571080986724,140.00909535963496,7.272391560930149,1.345220731649151
2011,Mustard,South,27.37158727986874,799.6353507148837,55.55374349879729,174.5121249880143,6.52021942499765,1.6384692674487087
2011,Mustard,East,23.386930907716412,916.6644907241613,79.89052477789116,197.16536615223526,6.70697533319291,1.4557607137895954
2011,Mustard,West,28.77758084760355,705.940837202356,68.08707506467461,176.68998252031227,7.463938380892291,1.519941671583791
2011,Soybean,North,28.659818066852846,787.0214174562121,55.86648708693196,145.15851351800706,6.156385507218623,1.8307795912001412
2011,Soybean,South,22.594271313103906,1113.4380009594997,70.04649347643821,124.39532939176988,6.772354729416465,2.310566399089228
2011,Soybean,East,23.95116343966659,909.8698516789436,67.43024247592405,115.58271148404796,7.459293430067767,1.7696514766836744
2011,Soybean,West,22.434008456832224,781.489515382003,71.17151193532659,102.60087896731777,7.3813584902306815,1.835528713453467
2011,Sunflower,North,25.601890494395274,607.983773287275,59.469461031865784,94.40969922511172,6.461812001506139,1.3844912279303077
2011,Sunflower,South,24.691493439326802,788.1602490185522,66.13468133714322,143.14429107363674,7.345246116175579,1.336691813450952
2011,Sunflower,East,24.04297699974153,864.3389532818946,57.188997829733026,127.68860401607742,5.993957598144,1.1632119861954264
2011,Sunflower,West,26.102096520448534,1055.995360339501,63.08562578560465,132.05441534870695,7.2061792468073005,1.203336079342166
2011,Sesame,North,27.387194394720506,787.7984996635604,65.81315430151608,121.72434021270143,6.322191205201413,0.7887900413387586
2011,Sesame,South,24.15601732864536,924.44499030459,78.51914765301032,178.99478113223265,7.075426031055417,0.7451556519969385
2011,Sesame,East,22.686555960869402,1250.387004169434,71.35411743697462,118.64276442076877,5.896195265519481,0.5236109285077348
2011,Sesame,West,30.244372995975894,768.5498834831349,78.0345866929442,156.59736076135047,6.590211056521399,0.6232549525363239
2011,Castor,North,30.036203594111576,495.864837956043,68.03585645732406,195.2876203148379,5.663450691493557,1.3078917504309548
2011,Castor,South,14.235948549516177,933.0588185367044,57.92787636352635,144.9787130427345,7.223973816808544,1.5410296924272286
2011,Castor,East,31.89795749309139,824.8875873442915,76.1778113804701,151.4253284092763,6.418479755193916,1.2154583103453558
2011,Castor,West,22.602423980049238,1056.2737546574037,58.85308042148742,113.84679918599595,7.2556601563040815,1.3533747754268886
2011,Linseed,North,24.12456619325337,613.1083618415838,67.9378583953777,189.70110390173954,6.605027229565451,0.8882588246003509
2011,Linseed,South,20.909180764758286,1072.9660255735878,61.29468106822827,129.91590509849323,6.294762780970633,0.7723187604783428
2011,Linseed,East,26.61860567504401,724.668010271986,65.90616328430211,114.04305054206583,6.074275916169151,0.8562264598189475
2011,Linseed,West,27.105265863418026,1038.0146084849614,53.95565323802072,81.0100650181779,6.615640383858403,0.970370979757278
2011,Sugarcane,North,24.14023612532532,685.4054929250334,62.87562529585261,162.0856372028651,7.467042945430444,65.08162811841885
2011,Sugarcane,South,21.78905461027401,994.4554970277577,69.54149400747669,175.0874613388216,7.435511754206778,71.55754539930668
2011,Sugarcane,East,20.421979148902068,1053.0947096626978,67.1204483587225,148.87432942927833,6.835839997607254,58.507979668933345
2011,Sugarcane,West,26.284921291622947,930.7218783946669,58.8210417254856,137.447424897528,6.258054252438194,61.91242601082119
2011,Cotton,North,26.451318222855537,829.0339042694912,56.94765947776287,178.49696402822613,6.4423357978656295,1.2985657498151641
2011,Cotton,South,26.91790975198157,987.1307462113331,60.46431219557405,151.74448033746995,5.988679881572932,1.56123835994039
2011,Cotton,East,23.204896569309344,1134.188070098481,59.69828982509656,99.25815330651045,6.997652673926613,1.2931393533408586
2011,Cotton,West,29.563948155767356,996.7165666335054,69.9493114998452,138.074940502176,5.562231199834716,1.3126631491358116
2011,Jute,North,25.53271564224328,915.6667872419173,61.28306162161286,155.02899139682097,5.849762874351919,2.2748989771778487
2011,Jute,South,28.572794032929508,1009.0098443274954,54.23216255802601,153.15948948866028,6.110621353393462,2.7598984066888788
2011,Jute,East,28.086047832089175,653.185262528123,63.410087711867014,157.50388962489313,7.114792060679902,2.1609282367165497
2011,Jute,West,28.038533237498225,710.1739633966341,66.20108893097108,107.3780361466919,7.22912721904534,1.9830362043324
2011,Tobacco,North,18.481991361957892,1005.1271416554849,64.21821557543265,185.2927343982864,5.53600017789043,1.874543152508309
2011,Tobacco,South,24.797826292845418,982.6901981441139,61.516109035441254,162.82764495440207,7.007923807193568,2.0780660822582364
2011,Tobacco,East,29.66598826065288,781.6556226963465,67.93829850721073,195.95459191987806,5.693068940390882,1.5539270817846635
2011,Tobacco,West,26.111197669473356,973.9343954345878,77.22178895619011,141.0724407548065,6.18081168669913,1.8948167937560616
2011,Tea,North,28.715896144123363,885.9721563617423,51.99191126578758,137.60353973157967,7.078321693177463,2.3011740962165694
2011,Tea,South,25.577930293080335,716.5095973296652,66.90695186187828,174.37994074456074,7.257957800564535,2.38173657548585
2011,Tea,East,28.959849519748612,1304.370066480297,56.03661872070707,147.2515571157454,6.181631399579693,1.8721864637704413
2011,Tea,West,21.93474830532786,1066.0094073749563,78.99665044218,124.63952807080001,6.524727555091581,2.0837230421882675
2011,Coffee,North,22.261812535610154,730.1871763422537,63.33895157614097,106.25055314453007,7.467680625710876,0.8527451081365948
2011,Coffee,South,20.353711233630165,746.575579105851,54.439819910234355,134.70577272736787,5.780048195106636,1.0025421691171417
2011,Coffee,East,24.33941611897613,531.0388735228265,52.96223700775198,169.00139909224006,5.913985156876853,0.8051509330633718
2011,Coffee,West,25.02060476481711,788.4513378001317,71.20356376610474,90.3910831160928,5.937019668708261,0.7324427701616623
2011,Rubber,North,21.47463397991077,848.5880194648338,58.766786784573625,145.14171136449178,6.734133032235603,1.5832002580628537
2011,Rubber,South,24.611922429589534,796.4420488536391,65.55435248439112,142.66152894606083,6.401194037966268,1.7890609829372641
2011,Rubber,East,27.441704166625666,751.9616703137718,71.17617249602738,188.28309361448675,6.118745435725565,1.4101195918150544
2011,Rubber,West,23.44037903595665,806.0099475917949,69.60623826133163,176.9092998810295,6.825329026118711,1.590623801553316
2011,Black Pepper,North,23.58018734948522,734.1925440904397,69.0953927282342,145.79229415094827,6.837145293445828,0.5060657438852307
2011,Black Pepper,South,31.232797139238812,876.3554911023992,85.37466625158915,142.46861911682998,6.775754185327267,0.64170820159232
2011,Black Pepper,East,27.62973626892561,1141.602425705699,55.850190341434704,152.71399264441308,5.523413221461809,0.4008563218178012
2011,Black Pepper,West,21.063291714054575,837.0500782929397,58.85050948743966,145.63405370475175,7.133446405117089,0.4432732640113543
2011,Cardamom,North,26.494231137567752,761.9893147198154,79.72173707873593,131.36316269844713,6.050762348510837,0.5151638834338131
2011,Cardamom,South,22.988139372770064,716.2450404807782,47.751191749001464,187.40018031792945,5.697747235281271,0.5069115030235127
2011,Cardamom,East,22.182716896267127,855.1355225530092,76.17663600586653,227.17887875496012,5.831256694056531,0.33721555538893894
2011,Cardamom,West,23.388233774826794,710.4842676246625,61.5587469152653,151.23946301211765,6.773804634909487,0.37902266894111913
2011,Turmeric,North,23.313495920265094,833.2935856808051,58.075894521791945,155.20888239898198,7.19427897938757,0.9373179818668207
2011,Turmeric,South,25.33351648086861,1174.899076163405,61.30323185078881,148.85074980207136,5.555073439738931,0.7704830981951676
2011,Turmeric,East,26.6388527440111,868.3620815618101,56.21483617575323,140.9547165191858,5.546704192656372,0.7103034408265245
2011,Turmeric,West,29.79594151151415,874.8168499501662,64.5931798300714,114.90608387368542,6.4480128569663115,0.6362996801538832
2011,Ginger,North,23.37725351760626,865.0087667391748,64.14158284796616,161.19292314525694,6.271023809473845,1.0680014452687674
2011,Ginger,South,16.883116168983754,1295.4892871071318,50.55515621674587,137.093947824771,7.177098429805657,1.0422006534330621
2011,Ginger,East,26.186702991048808,791.3025406464149,54.90836133075913,128.3740193412752,7.432834771732814,0.735458103532743
2011,Ginger,West,29.243730768352602,839.3689650680686,56.134683750473584,144.86782271279748,6.303557601308649,1.1860959091601084
2011,Coriander,North,28.302878904995712,1185.7881853312063,78.75080392323858,142.82233268674378,5.7959682947316695,0.9606117655234119
2011,Coriander,South,27.28231824901184,908.5813464514578,68.74154537412346,177.14465812348368,5.761304687646926,1.0173943636742655
2011,Coriander,East,21.914710793489558,912.8715974456774,62.106837778514745,199.19747357320338,5.56892251885,0.7417522571989087
2011,Coriander,West,25.08662716944703,578.9834778968233,75.09537200571194,127.35669247843452,7.023596382755395,0.8072425668764017
2011,Cumin,North,23.72141374799062,473.8137104280104,75.90139089893646,129.21245142609757,7.288905113648465,0.4951445797794599
2011,Cumin,South,21.862681627307058,934.7568097848083,76.93535717076217,179.14515048020962,7.28618041039083,0.7641261690270922
2011,Cumin,East,26.780670166842587,389.1456077830562,70.78156807618096,128.4411906734139,7.025192789388351,0.6507050939915595
2011,Cumin,West,28.238630862434924,1043.6857063868704,68.91952466240059,180.35674126148197,6.557156219444394,0.5968903690918776
2011,Fennel,North,22.62881499119848,809.347525083096,59.86814723821638,160.7980636168485,7.006855844513938,0.8848159372203426
2011,Fennel,South,30.547361479815912,924.1008382518717,70.36829610143845,144.43645410214003,6.9462989729292595,0.800639532077361
2011,Fennel,East,29.885563068614815,683.9738135223946,63.471618480423764,136.28900820432526,5.72199619758263,0.5631697664407231
2011,Fennel,West,23.639881122118815,1103.93623431763,65.02467301460021,145.51973813436527,5.645803670735807,0.7821890754837425
2011,Mango,North,20.177320406893077,743.2818004413372,71.9833534941663,134.2523686320397,7.358456107263708,8.19805313582269
2011,Mango,South,22.41852158368159,1054.3811936809275,67.23874128798087,113.06679897734651,5.567338356427745,8.95496991390708
2011,Mango,East,21.780613336311916,642.4329956383715,40.8439027534334,154.59623861884236,6.671729576907039,7.245192837152038
2011,Mango,West,25.567277481517156,998.5736219740248,57.21163040236425,161.9089442339055,6.605001934815778,7.7573700341688685
2011,Banana,North,23.533123554993413,877.9317274751878,59.43624614942709,188.92746351560518,5.817248289052756,25.01867618765388
2011,Banana,South,25.807644668815147,765.4853628050412,65.12303185097684,173.8774094860369,5.6253792432437315,27.513000601647896
2011,Banana,East,25.475294794002906,726.3031726794327,66.47920653543181,123.67587303999233,7.233095963498174,22.680861270276843
2011,Banana,West,27.45419306367962,1005.6924623027753,63.90102569280483,159.76162124822224,5.678579049051146,23.84954430251945
2011,Apple,North,22.803357179656984,1189.5844920833938,58.260796139705626,160.26189609736142,6.008462767497392,10.098254988536027
2011,Apple,South,27.59846382683224,881.7353592845027,66.57852565924476,134.55870261414125,7.063647726689871,11.09184820262949
2011,Apple,East,21.685670527269217,890.048498215607,45.59828577701919,149.24570833427163,7.23164033044471,9.013934201406537
2011,Apple,West,24.815370178359853,820.7440409826306,67.6193581732079,95.88214374223973,6.939307633221061,9.73651943381513
2011,Orange,North,27.80135173861703,814.406495706925,62.81584191419184,159.12813529957526,6.855626400620088,11.959729775027908
2011,Orange,South,29.453668974075086,927.8405182091408,60.30001748022605,141.4147225103008,6.658350510749444,13.542732672069047
2011,Orange,East,28.006255649771227,951.4252959109698,51.04921506693682,152.97546015134938,7.1709604514843885,10.883021094085962
2011,Orange,West,20.016951876174463,727.6110237765561,74.56268894402253,143.6275038782885,6.949712998630034,11.551493691702845
2011,Grapes,North,31.235629556683584,777.7273647715119,70.72305052352995,167.95464314269836,6.542592095308278,15.09133613916055
2011,Grapes,South,25.576704292585692,560.3157054976468,59.19893525186911,181.10134739655467,5.946526771010393,16.53604670428884
2011,Grapes,East,29.867123868363247,1179.389566339381,69.72817245247901,199.78131504108802,7.258510229692769,13.650382923147667
2011,Grapes,West,28.830809144549512,614.8668506759691,71.31170684187518,138.2035101391634,7.2989104250922034,14.32158503605727
2011,Pomegranate,North,25.936208793384903,891.6998765450725,78.37186312945674,147.3110217035273,6.447619656795894,9.117194300459111
2011,Pomegranate,South,27.69210271715605,1106.4242786105403,67.60345406829038,166.5620265041129,6.739469142866178,9.931331252511669
2011,Pomegranate,East,19.588575858391334,714.5495705641215,68.98577398797428,178.50372596303166,6.276331412253991,8.098293497912662
2011,Pomegranate,West,25.545686103427244,842.6945466702815,68.33169155804913,157.5261119068613,5.621257852132937,8.825126929896879
2011,Potato,North,28.343548852655378,1048.4703055682419,56.287359070817566,146.10446314177244,7.415868242113541,19.954339548917712
2011,Potato,South,23.554221736687172,973.7788904683948,66.4772222072368,157.04337659573434,5.860615870845557,22.299133537155786
2011,Potato,East,31.86684246913962,614.153609116282,53.60834278039884,143.33369176913962,5.599958057319357,18.14390264376423
2011,Potato,West,26.113282153941768,913.8143617081143,58.44802647873058,85.23635067199855,7.406040042357798,19.10469867609093
2011,Tomato,North,18.470921722239336,887.0188381042071,81.19447698629482,115.92064988517974,5.64616312405403,25.131380093114156
2011,Tomato,South,27.124137157757545,733.5721575576559,75.53567069349363,129.08430176773422,7.405793591995655,27.800771025058644
2011,Tomato,East,24.723297386100157,932.663428846461,79.43478487829394,145.22740520681754,5.9946806316381664,22.728917581131398
2011,Tomato,West,30.525849323472148,917.082372040299,73.43733049634548,161.58607680902048,6.25397108385256,23.911270018990383
2011,Onion,North,27.10097129803653,905.2421141650785,59.43462897721438,122.89521522444187,7.196084179202968,16.068101436853567
2011,Onion,South,23.797634688956144,776.691605682823,53.34529704485342,237.39694474000248,6.463098680551709,17.565641561365535
2011,Onion,East,22.806778494846817,906.6618707318942,50.06768038911507,175.18784224592306,7.075098171717558,14.540178059418023
2011,Onion,West,22.26115347778237,1050.4626623098695,62.81043123014093,162.1791110055048,5.957388818800729,15.371815188329126
2011,Brinjal,North,19.743631769311353,982.5225715081662,68.93437065270464,192.55137885039815,6.355003662656223,18.207730083782007
2011,Brinjal,South,21.579286298686075,994.044807375666,62.6753991752211,185.2762725264806,6.452671466602197,19.882021115954952
2011,Brinjal,East,18.646472929845324,865.3517491249838,58.11989310737168,124.24963560342229,6.687604961619231,16.31189124233385
2011,Brinjal,West,26.050324943212463,443.8150443117655,66.59158517437196,160.91846379333774,6.164382066231209,17.2477583707694
2011,Cabbage,North,28.11114186621979,987.7540949069248,65.50543382045213,182.75961755424927,6.426587306545594,22.098386037322282
2011,Cabbage,South,24.998498196414985,979.5654124441722,44.53305293394318,131.71216490259175,6.107885024510055,24.214064710547458
2011,Cabbage,East,29.03811984886951,680.4984207892375,76.86171835337932,137.9731610653879,6.719262023313804,19.826740512711673
2011,Cabbage,West,20.22942382469381,994.7142609270488,62.987688911644035,135.06224513270897,6.681275667989276,21.144475505909398
2011,Cauliflower,North,25.204722193969317,904.4892656480332,66.06605787089022,106.26949892474474,6.037693484905686,15.082628304301597
2011,Cauliflower,South,29.901186928055516,608.9982954046343,71.34347882794486,174.2598347461713,5.705031928132949,16.714986372162794
2011,Cauliflower,East,28.987002469351893,1373.0590556353486,73.65553647792679,174.88831172707702,6.423432287626238,13.624301454793791
2011,Cauliflower,West,28.49322926727418,799.3774655061984,72.5379052119789,140.79436811897273,6.830292388476811,14.315675949567487
2012,Wheat,North,25.212119405782474,1059.478139722461,64.95523184936762,166.71854138981283,6.261035419739789,2.944196841948231
2012,Wheat,South,23.395800257321227,914.6444742268279,62.41409628382328,176.88483614115194,5.695028651281795,3.2285995053360215
2012,Wheat,East,25.16176127591734,1351.1201328517873,69.00532577104968,151.244342179524,5.603337443315922,2.7726307592032975
2012,Wheat,West,25.119809191644073,941.5615693155513,62.57635569612546,164.50133121120356,6.750058372170411,2.8498918624351375
2012,Rice,North,25.902463247715914,780.952657808849,59.80486645005004,169.30236972438223,6.749748199213998,3.7199729237678874
2012,Rice,South,27.783751593701567,652.5693802166644,70.4564760686144,140.19213078165242,5.5395913166945085,3.912179976965748
2012,Rice,East,19.31937339645863,801.6187057515957,64.10202026438672,167.57384479767168,7.255968993969669,3.1100640529112242
2012,Rice,West,24.791824662669747,785.0655313135666,51.34113633925642,122.08688900128352,5.6131713122934315,3.5362417028684443
2012,Maize,North,24.623170290477912,847.6277094039848,70.60740572349683,171.37883413705057,5.732381913050892,2.665926585329939
2012,Maize,South,24.98426835225004,824.590449016115,60.77570401717636,137.32310961191234,7.460737481884371,2.675126707041957
2012,Maize,East,23.098390986234758,748.6240260995133,65.9047691025619,126.51683155335151,7.457915014082208,2.218506824553721
2012,Maize,West,23.717992401192443,888.4958557508794,53.44888338028869,154.34191615346316,6.533579878256316,2.402212565765527
2012,Barley,North,27.228249885360775,1096.0787362949065,58.46078551129023,160.8918727726478,6.690719322517208,2.2871155319892083
2012,Barley,South,24.830736811092414,1117.9710390970777,74.98205467260972,179.7477849310292,6.720014834158971,2.640160709211998
2012,Barley,East,21.632365581266757,722.6041266801113,63.280717158799376,156.9198362331322,6.6751717422188035,2.1631592663022534
2012,Barley,West,26.508769977283322,879.9078909368795,62.953270904775266,141.82204508527968,7.415162030167634,2.0296018513555873
2012,Sorghum,North,28.37306007961151,818.0755760016967,58.34880426186037,167.43966500867947,6.829989032475547,2.0687417668936723
2012,Sorghum,South,24.958851701901196,909.6130611585248,62.043784569333134,146.7131851082083,6.0174232843108815,2.179521566610738
2012,Sorghum,East,30.03238879093782,792.1601837728897,80.72273169377668,163.49450647479892,6.901735271722864,1.7617430642854792
2012,Sorghum,West,19.61457911075736,931.5203148607129,69.54353394460105,132.53487911009864,5.995119540559773,1.7211404739122547
2012,Pearl Millet,North,26.798465129851934,755.617215034594,68.68263898543852,116.26127879564076,6.689606429355579,1.4509638164490812
2012,Pearl Millet,South,21.605759166209175,954.5119964668181,68.7760181673542,151.8988816979022,5.900564035735252,1.8403514437717416
2012,Pearl Millet,East,31.251061238944878,984.2378234795162,58.89371116657135,150.94844588619006,6.242225876860256,1.452745545153366
2012,Pearl Millet,West,25.29940210433479,1012.3914921005227,61.889369173531406,174.98324278099383,6.775908525369477,1.496317284833655
2012,Finger Millet,North,24.99350064031634,1080.9028408882193,69.30659217917541,154.60619784860256,5.628012693217242,1.2438228116383894
2012,Finger Millet,South,29.578763660939405,661.4016131675355,68.41677853433335,108.38475662415584,6.439051084087725,1.6075320856183146
2012,Finger Millet,East,27.936772020596273,708.0385010327175,54.947944845765946,170.33012966869944,5.818984525082716,1.2177440685242278
2012,Finger Millet,West,23.883420630639357,1005.1105959244046,69.3717101131813,183.985285499035,5.5159288094909025,1.211122847990004
2012,Chickpea,North,24.68762753732643,1000.3425635843067,47.8415783795981,163.32083251992,6.207578317472872,1.2469651314010968
2012,Chickpea,South,28.6417943921339,973.4967298839986,60.47861094715217,164.2269814883911,6.247040353799375,1.454234114895142
2012,Chickpea,East,20.298058645316974,747.1853479605996,63.16160295539845,128.71483914349216,6.6067423794995435,0.9528400135056521
2012,Chickpea,West,25.04299617953247,919.2704939289112,66.74265503609772,137.2535365558929,6.3290321296335845,0.9418023827901302
2012,Pigeon Pea,North,18.035108779900256,698.3532663813359,63.22236269661679,89.76314196954274,6.359217184264727,1.0607351724470582
2012,Pigeon Pea,South,24.23219198980728,891.0885872649616,78.95711338606945,142.97450881821035,6.2085426544344315,1.1454026505394022
2012,Pigeon Pea,East,22.348948848726888,822.2638367912383,59.644911577830925,124.48988590419408,5.833862141635003,0.8255182825817868
2012,Pigeon Pea,West,22.30266670471832,1039.8824064955147,81.7075421829594,110.35041719405103,6.581810007676162,0.7702467823795758
2012,Green Gram,North,26.257780088968392,1045.41923863951,60.05686025014096,123.45547365099868,6.593370510198578,0.8628938835379555
2012,Green Gram,South,27.16988535543651,913.9542243794302,57.664922466251504,141.60672512700697,5.7856839296286635,0.9018173881256636
2012,Green Gram,East,20.012553815629314,979.2953780576511,70.99271875402455,177.71970956188412,7.0459734426111735,0.9013931861214558
2012,Green Gram,West,27.960681556498038,1301.608964009292,56.104263793806695,186.60443096881093,6.00654476704543,0.9485411824470368
2012,Black Gram,North,26.733494228063172,894.3476268170376,62.86477156670988,158.4187262220197,5.754772832000679,0.8254068982741103
2012,Black Gram,South,17.573758953073245,927.3548419942881,62.619112303066444,147.7468814752247,5.651399454619575,0.9912287917311863
2012,Black Gram,East,30.712314404052417,797.9111976092329,57.82362855483796,133.1738288718247,5.5839708578191765,0.5984663565302416
2012,Black Gram,West,26.738404053710553,904.0871819445968,60.522060211236145,145.15126498893366,7.107629090386894,0.6958256883992058
2012,Lentil,North,21.370341881874378,974.1530413888464,66.20809832446255,142.91831227901332,6.7168178717600355,0.9102685544125333
2012,Lentil,South,31.371235876609703,1083.7400024116687,72.74405179952507,144.77614611939964,5.5106269513366914,1.3307712917815908
2012,Lentil,East,28.79638316868573,982.1106717532881,65.83151067319119,135.52368630131866,6.352141955252194,1.0074903469676324
2012,Lentil,West,33.25032159874226,886.4611383915933,76.28367316162803,160.24406989898745,6.740947570103941,0.8670362475012958
2012,Kidney Bean,North,20.838080984504153,959.2814635474593,55.80676092608162,109.75471365758284,5.81735774737937,0.9627054790149392
2012,Kidney Bean,South,18.601376507311507,1001.058010785904,67.48473007098163,196.61562642057697,5.812953432007201,1.110748633299009
2012,Kidney Bean,East,30.427919049199332,837.0628812630457,75.95510138077036,105.98553514395992,5.870745558165023,0.9019539355840229
2012,Kidney Bean,West,25.856034521329754,875.2995699015702,72.21821739029318,127.30609549632699,7.1436618931707185,0.998171571713753
2012,Groundnut,North,28.325013059911452,970.401006786286,56.264528796837496,172.2561875209127,7.378136958900583,1.4565778727384942
2012,Groundnut,South,26.315182189408727,848.8464426374342,75.3230140100658,172.45704640070102,7.147534791598246,1.617159621617048
2012,Groundnut,East,26.530478907493883,1086.8358920573432,57.404605386193886,185.8683744916086,6.364692452806695,1.4703691769632952
2012,Groundnut,West,20.305591685913836,670.5927972615156,74.31732166801257,166.7685236487551,7.492315346997557,1.4910749215871169
2012,Mustard,North,28.005174087252353,924.4793846985999,69.73587748099642,172.37521670150304,7.434527175052731,1.7437245051250574
2012,Mustard,South,19.471090229230192,900.9199062622924,64.45668209949973,145.22956486364137,5.660444492911428,1.6445996260043554
2012,Mustard,East,23.904796260610468,1054.9335076854077,68.09446816551362,177.27451062964917,6.62679070142528,1.4359091143411278
2012,Mustard,West,25.991720177876307,763.7839010497127,63.646790594053435,183.65157441826128,6.85225079517658,1.4997529791256676
2012,Soybean,North,27.70124152926873,697.3263962100808,62.48475190757123,173.95721074262505,6.242971887318868,2.050473204200112
2012,Soybean,South,27.053407739783687,1055.7676007503412,69.39452515646583,167.29524554584322,5.606695993977795,2.264367384646949
2012,Soybean,East,32.86247230125086,789.9836758545998,66.61643692820518,166.30971790608916,5.608781497044623,1.724900775770012
2012,Soybean,West,25.162230459540915,751.2440742337101,61.11755331705705,180.77186282886836,5.858712020578482,1.9639159554450936
2012,Sunflower,North,25.806887658279248,1170.5592438298927,70.09897582070235,148.32793653857155,5.62120981542982,1.2808635494629046
2012,Sunflower,South,21.195957377849872,969.2271828044425,67.13529661191515,160.9665551587771,7.2632312797559955,1.443448390379093
2012,Sunflower,East,28.552517582980435,921.7987422955863,66.20888349827845,169.131910959119,6.68568036101622,1.1269781714856881
2012,Sunflower,West,22.547486865299913,740.615499932348,63.807958405089074,173.28928171702663,7.265829633037445,1.2586599339603155
2012,Sesame,North,19.608153995187422,974.6439234343145,74.70256788025493,137.41411102097,7.269166585842376,0.6733729054113621
2012,Sesame,South,22.046091300695412,914.1716173443964,71.56275210089964,149.1596858824072,7.194775861142747,0.8186778780876969
2012,Sesame,East,26.452737008542748,793.4394042243421,48.878352093156685,118.71465318789433,6.838617218323758,0.5996657590760839
2012,Sesame,West,26.969072351887874,763.7134064336946,63.578448183092796,133.50994328701918,6.438214422095157,0.5968770958553133
2012,Castor,North,25.526538758573686,826.1269218443028,51.382293871359906,138.42960784151222,7.096586394418374,1.2784584396903331
2012,Castor,South,21.87386676327069,641.1979045748876,54.6008457656294,171.27673035051535,5.8119617273978665,1.703719228338066
2012,Castor,East,29.536048000017168,853.7792796441066,65.93150592530715,147.47403057795194,6.383492983275414,1.2552326462201269
2012,Castor,West,27.567695939717783,853.6362825751642,59.91553726876477,193.4712837963333,6.648575150180422,1.2983215361865836
2012,Linseed,North,30.38842076803184,984.2952914849335,66.39168919748566,124.02316084020546,7.030320657633533,0.6444287069337
2012,Linseed,South,28.961392912010318,328.68255884530316,53.24861229063845,139.38878242143795,7.219589349623291,1.1025971539781048
2012,Linseed,East,21.88838523951984,721.4646777637104,61.06751073121532,158.62362503865714,5.8928384317440345,0.9802729657678934
2012,Linseed,West,29.87787674608619,829.5846409311456,73.02120730390263,128.04324815816585,5.763307177586517,0.945225477825546
2012,Sugarcane,North,26.349734950541485,910.3335812137766,60.13699791459346,136.52193242127552,7.151421903121334,65.13681667005088
2012,Sugarcane,South,26.427476044069948,691.9446417657688,66.76433141611093,180.44897880763895,6.234781457394141,71.5522047776557
2012,Sugarcane,East,27.34851925222965,734.4850662902563,50.181383207873914,170.88585220539662,7.477043295990893,58.81204572039021
2012,Sugarcane,West,33.80154058529467,921.2113160678082,68.0017356572573,183.8504785592881,5.804097134848984,61.909284237554495
2012,Cotton,North,16.73891894419379,777.0772635750258,57.001977591294946,130.41194539661544,7.397005886436389,1.3129877497912819
2012,Cotton,South,28.724103784996046,920.5580548350756,63.501367852749006,94.0442191668757,7.021151284910564,1.195379360962315
2012,Cotton,East,24.865770457712205,674.0950271765679,80.09868719115532,152.98756303161704,7.370344173452986,1.3004380312712078
2012,Cotton,West,22.383538962420115,774.6637839113886,56.119971424912585,210.25121623517833,7.321211434428843,1.2548813031792323
2012,Jute,North,28.52480591902377,1515.231217765031,53.59525347617517,170.32285612243678,7.205963990661183,2.3637014042597575
2012,Jute,South,25.27218040693217,802.6496098263117,48.6245225062176,153.27975225859709,5.878278200045969,2.5381635146308
2012,Jute,East,27.674546448136915,952.1849474892124,61.39989713603349,181.42873042156432,7.001539298422111,2.0981519449694117
2012,Jute,West,23.661271977340746,984.9199113088505,79.7888706663713,145.6109013625196,5.632330377668881,2.247361805419786
2012,Tobacco,North,31.601564823096524,895.3005946820243,51.61212160259108,133.58288024724723,6.164411141894643,2.019623576031063
2012,Tobacco,South,30.108481018027835,680.9157250115733,74.17503359401519,158.28354116948353,6.054929359449908,2.147330471388304
2012,Tobacco,East,27.628140377589382,1113.730830349032,59.6862065491742,172.0399936494552,5.784510479553631,1.785419155748134
2012,Tobacco,West,23.63661717614506,1035.8220557467753,61.268036966174414,166.0119948800206,5.623616921378446,1.7857418038979929
2012,Tea,North,21.71379729097229,921.5724752050278,71.79208730621242,147.36907579796832,5.878786835769692,2.125208307426791
2012,Tea,South,27.175598418019554,781.8351740395333,58.026575369304915,145.1080360280762,7.2299252102304035,2.4713159747936406
2012,Tea,East,29.518780637001615,714.2047077701498,62.83872006093869,164.84816836056612,6.882111625478523,1.8146943981688324
2012,Tea,West,23.174230830280898,896.5281030252658,69.9314913801739,155.66271624180027,5.846686105950562,2.018069667112295
2012,Coffee,North,19.909417940306177,866.5024725002389,49.701960196641785,148.2841488478633,6.692163910476612,0.7778750855303288
2012,Coffee,South,22.284985483059288,610.482732998943,55.27521603236602,151.07707520060964,5.711706471755818,0.960435769891356
2012,Coffee,East,27.200444649532216,1048.9708652489117,76.14036202980766,98.77190283866,7.385318353933261,0.7926300799557285
2012,Coffee,West,22.080291658598448,753.0345620605768,63.01313578870301,114.3854090067227,7.291395926398745,0.895904223873361
2012,Rubber,North,29.09019272769553,1034.5953652712517,68.3867355888686,202.01914760097972,5.706530017750097,1.6245537792435225
2012,Rubber,South,23.274718273555127,616.2668956230444,68.02677756485811,184.20324519272168,5.563556968714649,1.719464445345646
2012,Rubber,East,22.906378694152338,996.6625472876241,61.69115573262685,197.19219143350477,5.953043252072211,1.3114216461686652
2012,Rubber,West,28.95957933174093,978.210453902318,67.44697644076822,143.66674172112636,7.291768362385319,1.5327705209760438
2012,Black Pepper,North,21.534824807548905,941.4916771054557,56.375502800290285,134.0832476248572,5.669376683750613,0.44684391768156306
2012,Black Pepper,South,16.503533205668294,661.6872490106861,67.13589588422121,155.73508119578585,7.023767223724888,0.5397312953444293
2012,Black Pepper,East,24.856456402782783,1019.5242081736158,63.86393909576378,131.02869672405905,6.703364328036592,0.5230802997473343
2012,Black Pepper,West,26.22481492270609,946.9557156097568,57.141647725962564,151.47460553973994,6.929506552887892,0.6112924865440413
2012,Cardamom,North,26.59559738547837,757.1226015775875,77.40199738217733,151.74255786829556,5.588080758776929,0.5019653234827304
2012,Cardamom,South,31.037409802088607,1062.4140498609108,62.30996209055142,160.63724833100576,6.24691589026541,0.5703535393531471
2012,Cardamom,East,21.60434940014576,825.4854863567717,83.66631457319826,198.88075077269446,6.056199030132713,0.29539615246382733
2012,Cardamom,West,24.173740395735212,801.0273082235419,60.69472799034617,196.2791485486677,5.691458109488795,0.3941362980907082
2012,Turmeric,North,22.369208647649035,690.3211563981961,66.8021129379804,167.3180688779215,6.759641308869416,0.9452239564559772
2012,Turmeric,South,23.31523619388016,681.9012533278654,48.073267478134184,157.55778262869106,5.51611820668424,0.961467371271104
2012,Turmeric,East,25.76277483922299,811.8554747205322,70.2374129398585,138.1683738291738,6.468041145018808,0.5433015049428463
2012,Turmeric,West,25.43076380951548,835.8174527696119,64.31513528423004,187.6908389728421,6.19161219682085,0.6930851388204804
2012,Ginger,North,28.125173992176553,968.23466959535,62.51706897446344,125.77676629378544,6.738686908273823,1.14730044933052
2012,Ginger,South,22.27490464575053,1142.6639592867457,73.5648844798335,131.75993825481476,7.377059566946261,1.1384122826522136
2012,Ginger,East,28.330505161753575,684.2526720858392,64.1622939309973,82.4129967559607,7.333884096401832,0.8580254999519596
2012,Ginger,West,28.01880556026507,936.3960639142301,67.01178887152409,145.143271700537,5.700491127445753,0.8770394064527405
2012,Coriander,North,23.601992844369313,929.0939867631397,70.0898990030314,137.23261825614594,7.396503075580158,0.7909248179780477
2012,Coriander,South,22.315187939375903,775.5577989514841,64.15022804926392,152.08702813799627,6.285790217786358,0.9314591180273448
2012,Coriander,East,25.218041572988025,805.4072775991256,59.469004020688516,176.12836370960673,5.995746717456847,0.7215329668256435
2012,Coriander,West,31.237342204774265,1270.2476626687853,75.40250553708474,136.00670219649732,6.526366167513558,0.8901701223326204
2012,Cumin,North,23.514202525031266,822.1943320509464,59.33899284142379,132.19565339559892,7.1346106244264735,0.5002324231874711
2012,Cumin,South,21.169931067504933,397.0458076331822,62.00142354702555,124.03640447890069,6.559881173860466,0.5892160380514682
2012,Cumin,East,23.756502051426725,678.6560639339135,60.14797289427408,161.39760487926756,5.798498939482948,0.5563280299640555
2012,Cumin,West,20.9632497996851,859.9408730341219,64.28701496373414,157.8441480827097,6.175064931767638,0.7788552034745957
2012,Fennel,North,23.129606978931918,994.6385752043103,69.18716013521612,141.86031607117195,7.291379888533233,0.6985568233365749
2012,Fennel,South,24.742694287940896,1013.8719327811159,67.72406474193619,139.0353572328831,6.591164243584133,0.9177098535509642
2012,Fennel,East,26.403480175707873,1213.321635230583,55.42569082858951,172.34244223472777,5.662459269613345,0.7733708057979656
2012,Fennel,West,26.346299892143403,1243.5037985113188,65.93090761092769,107.88248265035436,6.73754415408201,0.5626933374217035
2012,Mango,North,25.02713262459689,1216.9973521125223,64.54776093296256,140.43203019603607,6.057876152146953,8.15433739369614
2012,Mango,South,34.28784792885375,731.0000129067447,39.084498200479445,163.81418476642529,7.061838712772181,8.786769883559298
2012,Mango,East,28.38076759053038,1086.971476519206,72.2031887071605,161.28063298296271,6.148658754703036,7.370046776551663
2012,Mango,West,30.065326467238393,984.6195809623835,64.55642110308966,179.01233843485022,6.8044707062648815,7.573303037748109
2012,Banana,North,25.284265302190978,666.5611036374275,73.58309394394315,158.13592148584524,5.589993642470849,25.01409342861671
2012,Banana,South,28.74885671589,611.8487382070003,78.54853175622634,179.88051678804285,7.184031323013488,27.661258626561366
2012,Banana,East,31.588100425044434,857.1513512597066,54.75635543198027,154.73699553052703,6.091864058873233,22.608620626709417
2012,Banana,West,23.23143435764938,935.8157725927308,75.25327373427119,167.9199699497375,7.179640704406976,23.64369720028483
2012,Apple,North,25.790707220606453,819.2250895812622,56.458921195192175,143.01079239333643,6.929437667004072,10.12167816447518
2012,Apple,South,17.42629564580514,890.9530645368907,66.21947813499348,179.55585072345787,7.391849288064173,11.236333268147863
2012,Apple,East,20.356794990016123,756.1963719829284,74.70086589936365,193.37079728068068,5.532486886418908,9.007485378956883
2012,Apple,West,26.518270535802333,905.8462663807035,63.07037800159883,148.15385182088627,6.497942233827532,9.669514272183038
2012,Orange,North,29.047908250706115,821.2524092805011,72.05126023138857,168.02838406363955,5.736437244582177,11.969027561231023
2012,Orange,South,22.72643141198237,892.8888075233274,72.39467426393425,138.90661212848775,6.832535722958077,13.44009781258732
2012,Orange,East,25.690921593845278,478.72151799987654,64.47588392753015,158.1965285187694,5.675299672389307,10.712256990505562
2012,Orange,West,21.8161195634048,738.9332741171806,51.93917803450142,180.14890044761356,6.130478869298901,11.602315657224825
2012,Grapes,North,28.015658628857743,719.2621579661165,58.68686697285918,158.64033540963422,6.645285706231169,15.17686006801066
2012,Grapes,South,25.126197279694978,1160.9436703276283,64.9974906191058,120.45314686447998,5.551379289738817,16.658098508163725
2012,Grapes,East,21.62135317651473,588.3201415936308,59.91818026776639,167.60555723711042,5.952066393577304,13.700411841987759
2012,Grapes,West,35.05303722726993,1290.791288568715,59.86244277972583,128.66741732934167,5.614053828007239,14.351941601149651
2012,Pomegranate,North,27.588394377071722,724.8025461426798,68.04158695322715,145.5098375553456,6.54642610994175,9.031386090556287
2012,Pomegranate,South,20.4241673964518,714.7032536200257,68.41461579812808,150.964796568307,5.771376635584558,10.053886415306444
2012,Pomegranate,East,30.03210649375833,995.3169417950136,65.37520452552168,167.42463805857642,6.9647768931951095,8.142554339367459
2012,Pomegranate,West,27.613227186536786,975.3185161710251,66.49190363173561,120.2450242976122,6.240049048285632,8.7471384974108
2012,Potato,North,29.30239816970075,913.5856774115845,68.4265335390019,151.92891240544293,6.255678427454374,20.080639984918317
2012,Potato,South,23.51693698642985,947.7181776818234,57.16223020226555,121.16668991985637,5.730292356790402,21.923048499569997
2012,Potato,East,24.360010602072194,1029.8305873200175,77.10675601711576,187.03789482103957,6.414886111739777,18.001501836363733
2012,Potato,West,16.271133874820617,900.9759839810752,69.08690391318655,211.11456881456266,6.663473294842373,19.04232277688033
2012,Tomato,North,17.95202391763194,705.1723070727639,68.86155241292923,126.81219516186489,5.576172601198639,25.24884350420255
2012,Tomato,South,25.725008483243283,852.8901907855397,61.73959983863617,128.61081908941802,6.559940682042841,27.495583334034105
2012,Tomato,East,25.64214316401945,1149.8755333962988,52.38402814247202,129.92938890122895,5.78693891403604,22.568948700506404
2012,Tomato,West,19.55188516935238,955.4781453709174,76.91290486662632,206.78624363556992,7.1573058122365785,23.80542184376531
2012,Onion,North,24.879810709442282,1019.7981439153352,55.65818649911792,179.45570232206404,7.475499078198377,16.000466311771063
2012,Onion,South,20.143584073426965,464.8959674801298,57.14207936621451,163.21294710987314,6.183694570996185,17.849609558140283
2012,Onion,East,24.081545644833493,631.7050950029486,80.93242641763787,129.19846737875358,6.26190369004695,14.500748683729057
2012,Onion,West,25.2312978480228,1137.5748431423908,62.911630464958776,143.38393284248187,5.89882319551707,15.164347156202501
2012,Brinjal,North,25.078382418807365,588.8411708513574,45.52658891325926,112.24424386457756,5.529134309502558,18.15501292915266
2012,Brinjal,South,25.83659967340118,652.805055042153,69.04261200062452,177.5731933185665,5.8696767958940494,20.121541614777996
2012,Brinjal,East,25.436563593304722,772.2491083730424,71.32967231210304,137.29349122762173,6.585996265210539,16.417859191520357
2012,Brinjal,West,22.671819835880264,809.3007886392079,61.691074674962856,138.05886043489988,5.602300411240796,17.07460173863031
2012,Cabbage,North,27.858584277144065,463.89164910945726,62.2489424414987,164.37582587772545,5.888325738092164,22.075630026629224
2012,Cabbage,South,26.96396378010161,893.4479832701127,59.123535225076225,175.33639554352752,6.615747351320146,24.32812487201223
2012,Cabbage,East,23.52586033680177,654.0027632855302,49.30937875065892,135.8901339623324,6.678429228695711,19.703060981122103
2012,Cabbage,West,19.152306150504202,857.7872197828467,64.35297201707631,151.3064622624371,5.991694884986801,20.893082117660104
2012,Cauliflower,North,25.957480870275973,894.1839610851428,72.7615746134824,119.87660996929904,5.839745188808953,15.082884951696368
2012,Cauliflower,South,25.74458690844841,1164.2734972517342,56.95755181214827,141.21069803499682,7.477079974091414,16.615100962881833
2012,Cauliflower,East,28.587048899676326,882.0637880738404,53.84935164949662,135.8467852848108,5.693931341930849,13.63355859956902
2012,Cauliflower,West,23.394049862297024,719.7934733782988,66.69166203093789,177.88666707738028,6.374103043684375,14.280621475329848
2013,Wheat,North,31.3993671784722,1004.5412874493215,65.36178167199986,151.27994754702712,5.9493147952835335,2.6484919057279717
2013,Wheat,South,21.893596800075894,785.3839627138135,65.3164860660365,163.26416511344337,6.045301294624969,3.0239666419438858
2013,Wheat,East,24.685591064335522,1023.7909261558683,60.59505178718296,201.9419283229861,6.851522585790447,2.6235854569783017
2013,Wheat,West,30.91077534590241,871.9004062249086,58.37282036165081,124.97344466538918,5.8174735267486195,2.6342103551327902
2013,Rice,North,25.254653899823836,632.7227367328628,43.98347714553467,136.9649727045312,6.215622498671186,3.6509646430887153
2013,Rice,South,28.573107030613198,642.9541969402799,69.58256804421012,123.41718802845739,5.638307135437002,3.7727765500319332
2013,Rice,East,25.389830669750914,920.2220685692288,67.64681043692462,186.2750359532834,6.02232486502172,3.206435053050945
2013,Rice,West,32.33596537961475,820.5579394354199,53.74400337629537,145.7243313363594,6.134610954840973,3.2251966024229293
2013,Maize,North,22.214884990533342,897.6549904571162,64.98610781379443,144.30280046123343,6.071251977124486,2.56527576827823
2013,Maize,South,27.369234604968543,709.1337228214427,65.90358425953627,127.7637812690113,6.007225541719416,2.715210495392669
2013,Maize,East,18.968385183322173,940.6919607917761,66.83259750564562,176.85795031788905,7.281316910923685,2.363877329850864
2013,Maize,West,28.175011846845816,577.8693932063205,71.71009715127384,129.31627500899117,5.82924102647301,2.264918072553662
2013,Barley,North,26.552265397568398,724.9625660490584,69.18049536700262,104.1297992591361,6.6759832589276655,2.393258224985179
2013,Barley,South,23.331314941333307,584.7654126424765,65.75299414231421,132.0248333079649,7.12373224802076,2.2494037774501825
2013,Barley,East,26.205138001082048,903.186537255185,64.14116167428787,174.98547581694777,6.629181277866927,2.0944303188744895
2013,Barley,West,26.439322611202183,750.8212500062072,62.47374098847864,114.7974156546777,5.6142343267408865,2.19393388538104
2013,Sorghum,North,21.82159341044244,603.9678775977407,71.25704001225168,130.22751545831116,7.020011089924197,1.720546836749804
2013,Sorghum,South,21.921955153467188,995.7744811558866,68.84478970351188,144.93288995407224,6.2478942689581345,1.8999747723225466
2013,Sorghum,East,25.66531696035346,673.8732224284844,68.05573166019276,129.46326177425874,6.958619600954412,1.497541976660382
2013,Sorghum,West,26.054439701056605,660.043408827937,62.00028737641766,133.82637071875962,6.7721368407044515,1.614587117526042
2013,Pearl Millet,North,25.464363287760218,818.2286259061237,75.73145580298961,132.68112855754893,7.293990578728822,1.467309246843749
2013,Pearl Millet,South,26.110183345806867,782.3633827256843,65.45394053729643,153.86209989297652,6.0348305569442156,1.6634789438910194
2013,Pearl Millet,East,21.921533629389142,1192.159070891692,71.26298987958857,139.22186076062252,7.214461874739582,1.3002509553007908
2013,Pearl Millet,West,26.269637123371055,834.0102956227971,67.91312236843729,150.17946167269855,6.791450086702107,1.2279450234869622
2013,Finger Millet,North,21.860935379888875,815.7166115100437,64.88516426748681,146.74693425775283,5.668510754835943,1.091809945503952
2013,Finger Millet,South,29.267703649789055,935.5489422912923,61.5898515465886,160.04797387934806,6.983955459027972,1.2419276562640638
2013,Finger Millet,East,23.570942063778816,936.0494396069915,53.77805821410986,175.1576207412881,7.219359170160666,1.129622297909191
2013,Finger Millet,West,25.935109813309317,903.030434289127,58.19571777002365,212.1297479169723,6.421796676413164,1.1663140555751232
2013,Chickpea,North,28.13643158848978,868.763772769275,74.74555769403405,176.43420763445562,6.225965680807743,1.137363027147951
2013,Chickpea,South,28.824686685921936,575.126139995289,72.18206318972125,137.1479236821535,6.199592123615184,1.1884263153006172
2013,Chickpea,East,25.847285944608988,890.6654764515564,72.97219707117264,131.75838440447183,6.286243596414158,1.0292653448303382
2013,Chickpea,West,25.11834114472222,840.0163042060324,51.606514409488774,140.75757360072282,6.425187094210306,1.0114760698718523
2013,Pigeon Pea,North,24.986773719280368,791.6292255742522,63.548407446019866,147.34157493671714,6.826292497950417,0.7458786949240733
2013,Pigeon Pea,South,28.237614008405473,1000.1262297787734,62.20814359145332,128.93756271583248,6.053739938984025,1.0356946554314854
2013,Pigeon Pea,East,26.65913224967058,932.3886756808785,64.97799807172655,150.526504959109,7.3413828015572395,0.7698929725372534
2013,Pigeon Pea,West,22.52191330356228,596.9407637663606,61.730912699706636,161.97046870532688,5.835629191292057,0.9207200911224759
2013,Green Gram,North,23.9650356241295,836.8543205574011,56.71502122019737,177.67660590162836,5.984349300694941,0.8139757142078038
2013,Green Gram,South,22.33048648557974,722.1601578774096,67.63285422968103,181.3210658606871,6.182488899515441,0.8320389144548117
2013,Green Gram,East,30.71330052452422,719.1991662410978,67.49174050608843,160.75871104761882,6.843175485877852,0.7244573330132721
2013,Green Gram,West,25.500974025156058,722.2668948186376,73.04524074461278,107.5125642830389,7.065000288760587,0.806860463689136
2013,Black Gram,North,24.279316401182655,950.6363966640616,67.3072891897285,135.9326993889942,6.191159171741626,0.7676917493040637
2013,Black Gram,South,25.341237487898095,692.3337316806438,58.922375060157705,105.72328617279771,6.334789564658296,0.8232132840938307
2013,Black Gram,East,27.760034380016187,765.4472070889796,48.395295927371734,147.84825768022768,5.7136014080047275,0.5360298073561607
2013,Black Gram,West,21.824488837012563,949.5576613054106,68.67512333062282,155.82731631286967,6.067215846834273,0.7084099632777112
2013,Lentil,North,22.72297591102444,614.9389286942792,63.37666029591644,155.50879573183863,7.207885764283706,0.9020094932402255
2013,Lentil,South,22.02316684355449,812.6930962833507,75.07106698631624,151.33806994747613,6.507416774168141,1.0180667312346559
2013,Lentil,East,25.984260057783136,1051.6250342478127,57.52681829513725,165.34896020677033,6.394402064432876,0.854114276253729
2013,Lentil,West,26.056436239102833,660.1063907893149,68.36153234315994,128.58754406477001,6.254726353593302,0.8654390868233068
2013,Kidney Bean,North,23.4894875143381,796.8957320916762,59.565561845074114,129.39322056707476,7.439231877808676,0.8913766004282293
2013,Kidney Bean,South,30.18044311560798,896.0649465083138,63.92683858986834,160.08672295269793,5.717365078749384,0.8209140382049296
2013,Kidney Bean,East,24.865320909632388,839.0510734383078,77.56105132463769,146.8006341117871,6.757132801294566,0.6505547956005311
2013,Kidney Bean,West,29.302936318331454,991.0750917972496,68.84726474199117,144.93689432337925,6.127406249514312,0.7109721815992321
2013,Groundnut,North,22.794275796851288,1012.1117962927892,69.29888225159381,173.11025468187484,6.603872722120933,1.457773403515788
2013,Groundnut,South,22.45286898479627,692.4412456578704,56.800061489449895,179.5830952610789,6.892159723134078,1.835472797009455
2013,Groundnut,East,26.272585011811096,740.8687234259771,63.963748738220524,115.36857276231744,6.44503088563917,1.381070411534141
2013,Groundnut,West,15.965088850754402,1008.442566357869,56.14274546558039,140.86235157536836,6.719625523096234,1.4117869751101255
2013,Mustard,North,21.187497190052436,600.8417102582384,53.56914210764647,155.54708771930248,6.587946222569935,1.4577931727260396
2013,Mustard,South,21.694509012115404,920.9185768836776,60.302885344066695,130.52650897959398,6.640818982807283,1.5066829816142961
2013,Mustard,East,27.94719886160146,906.5893158290321,73.02706211375953,153.04536764437145,6.607986511006262,1.135979354029866
2013,Mustard,West,23.47328431788131,614.9497816745943,68.43480188337978,150.01775303914908,6.666255646905738,1.3144927622079117
2013,Soybean,North,21.132040404615886,828.0785579615684,63.077374100535884,108.25330833315672,5.953957078943042,1.8313914756609264
2013,Soybean,South,23.526608688735795,644.8868683381887,72.03105867260516,177.7114164110706,5.880673950190095,2.0273344688459245
2013,Soybean,East,23.31758719414416,936.7353567195546,50.63250758930651,133.47060912929336,6.950222319866632,1.6666936897688562
2013,Soybean,West,24.352570599465245,558.2047884256024,73.3930033379202,135.83582013677577,6.989650151059826,1.7163905901209764
2013,Sunflower,North,23.89140746123092,804.9602551967748,60.56529626149335,198.49970978690837,6.997926301720797,1.3337646856802607
2013,Sunflower,South,22.779554971507388,856.4809846544472,77.96981503780982,133.63995262078714,6.9972174171636645,1.2189705582721857
2013,Sunflower,East,18.502952118624798,797.318468986298,77.77696427432201,113.22297910767172,7.111204437540477,1.2848825588080777
2013,Sunflower,West,27.04628868279968,653.710136394607,63.827531714466566,168.81705788215143,7.178199397599223,1.0283511878670635
2013,Sesame,North,23.46189263510215,837.4923867124251,64.89934893745922,168.06708603014903,6.901731398250857,0.5760725490216035
2013,Sesame,South,30.283019359207962,1001.3602878755908,54.337780820162806,141.2640168195761,7.131490761252242,0.5763610598846415
2013,Sesame,East,22.063222157874556,1040.3083176749071,81.89876710632231,184.92327348389088,5.913987202490116,0.6648312296043623
2013,Sesame,West,23.70964248765196,627.5053040179918,62.98735335387537,157.86198681208512,6.7706466934166425,0.7457799682885704
2013,Castor,North,21.258055092338147,718.2876331709076,70.44948520099291,162.55048177492162,6.908670631914361,1.3146255633940553
2013,Castor,South,27.721898232075464,818.790226254946,71.15071740775117,134.79433731388102,6.105550256543935,1.471286341299726
2013,Castor,East,32.45490986075996,1001.8334956944524,61.8224374708321,122.44325648860361,6.734388454233933,1.1780278100203214
2013,Castor,West,25.37221817715848,728.0385630686558,56.93264055255048,138.77502577190265,5.9976380540398635,1.235012610040686
2013,Linseed,North,18.24169502353411,710.4393900695607,71.53470967705802,164.86912286942328,6.01495795228745,0.7457202628257841
2013,Linseed,South,26.99242172610323,695.6365745404713,80.45967597959643,161.08809346156036,6.1940046708244,0.6941094645286054
2013,Linseed,East,18.80475086123104,815.6184768335522,66.22838910656593,153.56259556440415,6.131994282250455,0.7335461578056695
2013,Linseed,West,23.487337108233522,679.9377165326649,64.75037208848732,150.45042180111116,6.728372488638023,0.8060602838873386
2013,Sugarcane,North,26.70009066054929,568.5664424229763,70.6119749449519,169.8402171759053,6.41363560911227,65.07300082428314
2013,Sugarcane,South,23.393734367999954,829.2716305127711,59.606475517294186,179.43861811923966,6.024816752978603,71.47795997316909
2013,Sugarcane,East,25.446922281392357,797.8894424844176,61.9083581539526,172.66414401709253,6.807573502248923,58.61014949103467
2013,Sugarcane,West,20.354627629695187,692.462592009454,62.9215988738599,189.96345280240854,6.070411605360828,61.827362604600935
2013,Cotton,North,24.81404275703947,1138.1099367719312,59.81351783885044,129.39192469842806,5.839518402785653,1.1840051633429483
2013,Cotton,South,20.41729667451949,944.1831728747802,64.75677786775601,173.17167214379896,5.99948835845871,1.5638088088703488
2013,Cotton,East,29.797304612864004,748.1458729584215,67.10562338397408,139.60779499276094,7.3124670388702775,1.1013791972809797
2013,Cotton,West,28.01297514586583,699.0187187716566,66.4500093008164,161.5067906245576,6.6513305059948395,1.1596704233578783
2013,Jute,North,23.662425523664275,657.6178014250869,72.69589751257473,144.0747007496843,6.797365906714729,2.226251005789057
2013,Jute,South,25.42734820472576,944.5251253452578,61.266980899527255,201.23937321561348,6.304746101444936,2.389897009666546
2013,Jute,East,25.729430667360717,588.4990213326394,55.11709578662038,136.51964960484386,6.891589933881491,1.8351985743586214
2013,Jute,West,22.022822669788734,767.1700334166098,62.10693981106273,139.81546581545473,6.630831879505076,2.2309427881253514
2013,Tobacco,North,26.93350249340787,777.1669165883991,65.63805221519372,128.51917144758949,7.326459372558541,1.9151770283732998
2013,Tobacco,South,21.837914106341564,715.7764752839653,41.865339208398346,198.36703073534542,5.930311243248111,1.8631700297629148
2013,Tobacco,East,29.009614364275983,841.9478292820779,69.76392718111406,135.25263108842773,6.977092106793927,1.6065592887673477
2013,Tobacco,West,25.12537074670335,658.2823749849784,51.32552243767164,166.2836253088262,6.780761493288482,1.5858493341911433
2013,Tea,North,26.36706108674407,912.1581362214823,59.590070334060606,122.64088006124642,7.012384468213561,2.1571003932204422
2013,Tea,South,18.40861577076987,688.4640730839969,57.01635770381463,127.93852379419378,6.827485477250774,2.0447508516079043
2013,Tea,East,25.6692626811415,971.9529523031547,67.46141322720891,122.61201527886094,6.829478409821693,1.9538682236139866
2013,Tea,West,20.957351286476303,577.7874583425163,69.30013906416092,150.96259114087022,7.0006615516399116,2.0380159836893936
2013,Coffee,North,27.450670064810616,512.7694732125509,67.04977468865583,162.08599729825096,6.664140262248447,0.8393524359972313
2013,Coffee,South,25.934958568014334,870.3680738199029,64.24140614975302,137.13043312713145,7.225919246626037,0.9081319447083261
2013,Coffee,East,24.702570059823866,806.0382549200363,62.49006978116567,160.50383234965716,5.816896074379812,0.6441874710605283
2013,Coffee,West,18.080872643389135,985.6425700313491,64.21610842623447,126.21826517154246,5.758142493861763,0.7037908400449154
2013,Rubber,North,25.959129517717813,702.9865115424132,63.43049483318027,133.22140983092197,7.141089295491974,1.4994250459250373
2013,Rubber,South,22.386136136220962,1087.1393770575578,62.25696910753949,156.95871586611673,6.063650006590944,1.5953301523619234
2013,Rubber,East,22.70650756370017,642.7530589445992,64.4288650535148,168.1149249110616,6.080510210745059,1.263864335433784
2013,Rubber,West,23.46409024803597,1023.0611343625592,67.61015826342704,172.40709900326516,7.070379768845683,1.428171374751627
2013,Black Pepper,North,27.036531611578596,808.3696349412556,40.938941282449946,164.27948515548022,6.057388631857052,0.3365350889414681
2013,Black Pepper,South,24.813777034107513,895.5556219345667,71.8625507322783,180.8230273761812,6.284534083047094,0.5884128424462126
2013,Black Pepper,East,28.070071536253828,752.6664629722262,51.36105118615507,151.84831967576255,6.132914261748832,0.4280286662401532
2013,Black Pepper,West,25.385856724529585,693.5930021648223,77.30452348884376,129.98106118184455,7.088364690634367,0.35604003366854653
2013,Cardamom,North,28.767371843002543,836.9301500720607,80.6343779042025,181.11631953838253,7.384742878936829,0.49405883135164463
2013,Cardamom,South,28.048656304875184,860.6452053105867,50.56909765950108,90.20109489217441,5.838323787684841,0.42426880358381497
2013,Cardamom,East,30.53461879061043,805.1211707594872,60.85931158026981,142.5435128171273,6.0908440726275295,0.2949672045290246
2013,Cardamom,West,23.06105411269197,1007.0070018306963,60.120123027851655,140.0920908357896,6.193917900755172,0.17872487324525999
2013,Turmeric,North,27.305262197666707,758.4590877738589,76.53604638122812,151.68514717094507,6.175963100939672,0.6111785522243037
2013,Turmeric,South,24.776305883129428,550.0956314384306,65.2586418623646,77.38839008557282,7.433937029236631,0.8363993282693305
2013,Turmeric,East,30.226030205870693,843.3358134578674,62.11974802404034,163.10510427253865,6.400219717370059,0.6505660085498458
2013,Turmeric,West,26.727038567606375,751.5804549130212,60.12692184628952,190.96979828334815,5.748843773703787,0.7241159839500543
2013,Ginger,North,28.31505531655483,1143.7834314563363,71.07611909988886,142.70603419353657,7.433244441792215,0.71246828446994
2013,Ginger,South,25.210747444220047,728.5999845195832,58.90323772043479,142.3683486908725,5.712823525805689,0.9439695592283462
2013,Ginger,East,26.181965905259702,848.2557867245423,64.2229511267389,100.14677891301858,6.141467164623142,0.7572399450413831
2013,Ginger,West,24.100236327044055,610.3546698877223,48.010535861401365,157.24134245524394,5.983202552871526,0.8605181882962487
2013,Coriander,North,30.478143129901568,959.3146962990529,67.09771785789484,134.7515926388335,5.628189422072351,0.9521345761112079
2013,Coriander,South,26.81681869789394,1055.6724482895631,57.819466519997064,141.6836295480432,6.119337740802585,1.0207839536144787
2013,Coriander,East,27.537196287820155,878.6122908903976,74.65286523891132,111.8208035852588,6.5896021705521965,0.6866988758227238
2013,Coriander,West,20.95851216897498,949.5936403469152,58.60571428906983,121.4480440226405,7.232454061157354,0.7639084531180624
2013,Cumin,North,22.326853670325992,966.6163045136824,73.66988238443211,125.39438796097953,6.2173227260529185,0.5534757224260408
2013,Cumin,South,18.092033493680677,826.7576576192604,65.8452306002085,184.8656347052794,6.12566839504844,0.5463700423925497
2013,Cumin,East,23.463480996785755,760.0942976001207,59.404121766713544,167.71400787141613,5.852049510082267,0.5262486647707066
2013,Cumin,West,30.248050550951046,720.6987319444142,72.20426461865273,192.48589957521773,6.885840458449577,0.5329898734727597
2013,Fennel,North,28.251762899606824,1055.2988292256673,68.78430625728173,133.86069819911512,6.6365372325375365,0.6811740138549649
2013,Fennel,South,17.69896890498335,1083.7711103747924,66.17881018514596,154.6033193255636,6.928919367771563,0.6305658437746863
2013,Fennel,East,21.682522187369358,803.4678225647782,49.272568046824176,147.9284831866021,5.863527195522389,0.44783948203664314
2013,Fennel,West,25.142480404754927,1106.729269755812,49.50563769014209,139.80805971063782,5.8271075890603745,0.4919769943529897
2013,Mango,North,27.778204737483733,583.4470104578375,69.73153721401484,167.00550901191727,5.727931774238482,8.104734366388428
2013,Mango,South,24.33669374383247,692.6061074814377,72.04929974749356,134.69859433841472,7.1474927759016005,8.884560613087343
2013,Mango,East,21.31073287182098,810.1361159985652,68.22749490297032,130.7072194954865,7.0900230738569405,6.987649984816378
2013,Mango,West,33.12620895878364,791.054737815755,71.79361847409774,159.5097763474475,6.7862087052357,7.545841223878753
2013,Banana,North,27.987125261568117,581.6275662653801,60.14022169903754,139.89095018274944,6.020096080504867,25.058811918463984
2013,Banana,South,24.551705541966733,804.1233606016712,68.84040214404001,219.15349799529747,7.364696283267421,27.530853865624678
2013,Banana,East,26.331552900840954,848.147847328669,67.56701208947662,145.88597575943314,5.549288809272645,22.598304372616216
2013,Banana,West,25.828365542420226,546.6973385497928,56.5801593840287,168.80812232568593,6.528454022531955,23.785254928227165
2013,Apple,North,18.0392536531255,851.5418118721363,63.99860457293469,171.17205259712284,5.579895946572188,10.109393644210263
2013,Apple,South,21.630840615987573,709.6230682285158,64.511394629181,123.53898415895868,7.357111065788272,10.726556910323605
2013,Apple,East,20.831202509699303,969.6301201222266,63.395217480552546,163.37612979259995,7.327752580643592,9.052711896118746
2013,Apple,West,27.184707487265342,660.4976797990399,72.36478594169452,130.9642561393604,6.811019943692225,9.465579836390424
2013,Orange,North,27.307453926474622,737.8434125211587,63.99094591740924,174.18278082595538,6.418607376426148,12.023889899620213
2013,Orange,South,23.315326761008123,1233.6090566204682,65.3175340586548,131.63566533568567,6.8433204619957975,12.979164155690626
2013,Orange,East,21.407806862937864,688.1773023999586,69.41508777457723,167.00575521044073,5.597532637626281,10.781974204471473
2013,Orange,West,26.53684519771,1193.7779601473728,71.59278765330104,177.708877087816,6.954904782572241,11.477613600612123
2013,Grapes,North,22.27709860486395,854.9156185166132,65.99236094741376,134.35288672746287,7.180696355177016,15.127986625889552
2013,Grapes,South,23.86618400902951,540.4521559291912,67.72830808406037,109.21813761079588,7.17679927618438,16.4569615856486
2013,Grapes,East,27.94336356403754,983.430770303563,60.35986933877052,121.08960458140358,5.75222028335725,13.535576721427713
2013,Grapes,West,20.585721960143783,705.9180442423715,66.57031334251809,96.39899685813327,6.157141265464588,14.267844330313663
2013,Pomegranate,North,18.089675754178963,954.5840700737317,70.65748948040076,174.47963588974332,7.168916505712193,8.955104501567291
2013,Pomegranate,South,25.26969402473942,804.0105815562213,62.29353546829242,165.77436224577744,7.0491441663487295,9.831658986435333
2013,Pomegranate,East,24.652479746528368,616.1880091162036,68.36559704814783,135.55198057918224,6.501239064667862,7.989812497022479
2013,Pomegranate,West,29.026529993039357,941.6084405949239,78.41901670244391,129.87070620642808,6.39594331276438,8.653460974774696
2013,Potato,North,25.68744050349734,804.4830454721708,51.6775273705789,142.7119672270626,7.25749304735386,20.050100806323417
2013,Potato,South,21.20286204349123,661.5458795175122,69.67711758615295,83.24385006432975,5.642074842806682,22.199619926746053
2013,Potato,East,25.41067058747151,967.4004443126398,63.57665699356482,127.17972701758717,7.091156752515173,17.898178975914785
2013,Potato,West,24.624937063551776,681.2920383125444,65.74423695674739,134.26831002686137,5.749230126378249,18.9542106928221
2013,Tomato,North,23.182815068384343,715.3734025827974,62.91384122995145,119.03592027413332,6.521040522597689,24.97845854862227
2013,Tomato,South,19.736954370386982,887.4744996678085,57.97220958926352,168.5614728398155,5.714058268422076,27.43120899261947
2013,Tomato,East,23.381278246528392,824.5192318481712,51.221253145041715,101.66774820836068,6.1207417782162405,22.534418397388436
2013,Tomato,West,24.75294249930593,972.8883980328432,64.41355874328355,138.79915351415724,6.131442259540977,23.655714176565056
2013,Onion,North,26.941976834386672,970.1849194474629,57.765553492042734,147.63794214638781,7.296292889640202,15.984465740830629
2013,Onion,South,25.568217702338686,931.7447050869632,60.4348765583991,171.31171608582378,7.4308972692012425,17.466133426489783
2013,Onion,East,23.017814508245447,941.9105493095175,60.22870873624896,142.52045568931413,6.043435197796359,14.360706985189026
2013,Onion,West,28.495982253406485,780.7870590720445,58.50038839807292,161.87059362474065,6.9179285342475545,14.950026356731398
2013,Brinjal,North,28.213006432891824,672.5142100790165,70.80422698430388,153.41679677907206,6.493486856011969,17.98239534126212
2013,Brinjal,South,28.579338837553085,694.226233728532,69.37842139821579,184.10204843662544,5.641393216368733,19.649675258743454
2013,Brinjal,East,24.637360140597067,480.9571073185867,65.78370611580901,141.54904897725135,7.217864698649455,16.098934762680805
2013,Brinjal,West,18.181286697576034,778.4383773366679,72.4998199400554,190.876659863188,6.334765883600946,17.225771278713115
2013,Cabbage,North,24.80020471954094,709.4012571040572,68.34771087291035,121.93421387401636,7.263951110281215,22.095188899573543
2013,Cabbage,South,30.72874014720039,725.5439977672709,68.3221806329062,120.71959566556825,6.53603069781704,24.45147713650232
2013,Cabbage,East,22.950168973022272,795.1927898614703,55.75928727648541,139.50242492831023,6.203440222691304,19.7344707459264
2013,Cabbage,West,22.69152760856017,576.2786750810503,60.68555988429384,159.65956634620153,6.396170974566153,20.98074800207914
2013,Cauliflower,North,20.659203790591427,802.2845029340339,67.07130198034221,163.18787539389004,6.514779530170314,14.894745859235986
2013,Cauliflower,South,24.49407439405518,1077.277373459848,61.87414468473449,144.16218856037753,5.884631545568701,16.791542900476095
2013,Cauliflower,East,20.149859875155958,776.3966943186658,63.878416162323354,181.59402904754452,6.473656423882474,13.517525766986001
2013,Cauliflower,West,28.73704832338331,763.3276823538423,57.471818394668965,156.15209038291022,6.393748390400878,14.17494379845396
2014,Wheat,North,24.925846154465333,834.7851969153771,74.34345330363126,147.37894439753094,7.367160912013379,2.752543426412121
2014,Wheat,South,26.75736128132662,568.2469580863781,72.66043775217507,126.9098259347802,7.431673337615167,3.0857076287416456
2014,Wheat,East,28.440781504217775,593.1672708776306,63.57078304774244,103.8431685162481,7.4456883173200445,2.5083571985308017
2014,Wheat,West,20.160866037926546,943.4117631275076,59.404038238658856,124.0733481607501,5.977995360423103,2.708859679780079
2014,Rice,North,23.043359530208484,516.9126538786935,63.36941499903541,166.17745983264518,5.707273452961591,3.379332601175514
2014,Rice,South,30.196273296828775,780.0647583406713,64.55083894411837,181.87732554704246,5.563026086164423,3.9203794955499616
2014,Rice,East,25.934488206065335,616.6605322712535,75.28308223211417,134.360484057799,7.121870385345221,3.188367630793036
2014,Rice,West,24.614021660943834,662.9973681273877,65.19282581181878,155.94745472005354,6.878362820855033,3.2556621286107017
2014,Maize,North,23.56755256674882,651.0268362431896,60.1331938825653,164.81325768294403,7.11023841750933,2.438570434678231
2014,Maize,South,29.307736918679925,777.42555433777,54.69894242843573,159.53403203396132,6.047084058003874,2.7222863918974656
2014,Maize,East,27.68865342078462,732.841950171748,51.3801455863473,150.46215176641076,6.902727120620883,2.085171038260607
2014,Maize,West,26.163607290078247,778.716883324259,69.27397546300045,163.3701726537631,5.751164205420322,2.457247577829378
2014,Barley,North,20.829964493769605,831.3491585007265,68.25381975568891,125.95287844485127,5.8447727242103324,2.2139890848044335
2014,Barley,South,25.873518893324803,771.6518685053002,59.595324900682655,161.86583635035436,6.032463002997621,2.564771676869172
2014,Barley,East,24.848677336380657,763.5094157458037,77.83471286646878,142.87264357394966,5.764941312683853,2.146303369768011
2014,Barley,West,31.083219079444174,617.03031167759,56.67628983504577,152.86359186108385,5.658152041953296,2.0928231836309155
2014,Sorghum,North,24.214571908873342,722.4804630324865,67.00553932818202,129.7006461926631,6.21213459823829,1.7183521185575386
2014,Sorghum,South,29.165710456314425,611.4182312902998,55.72804319580804,167.73840426816102,6.270212245979841,2.0313363027971345
2014,Sorghum,East,25.35892724697102,725.7826650111101,55.535550522124886,143.68091862259536,6.900695777733139,1.5700228096056856
2014,Sorghum,West,23.796387978487182,432.46512349398387,61.74466412799776,161.30808082412452,6.668791843178915,1.4882314837011315
2014,Pearl Millet,North,23.218851824393912,893.1147373449465,74.66945608668243,149.15588046505866,7.1638830833761045,1.3158271856098394
2014,Pearl Millet,South,20.06450136240018,794.674815545474,66.72405618547288,155.1253693217732,6.555524130672895,1.7214447108970752
2014,Pearl Millet,East,24.14815937917115,745.8279770081982,66.75716128226436,142.23482712751067,5.841076097796452,1.2074712168521975
2014,Pearl Millet,West,26.218498231781002,806.8643311581338,49.40502595742061,98.741063567895,6.394605512505201,1.4808717779486094
2014,Finger Millet,North,22.70239894120533,791.6581639198149,64.91457708586685,116.0815483185952,6.051897656314376,1.1515648597343286
2014,Finger Millet,South,23.545573750905238,731.5611217853502,62.3092931709239,133.1156690299178,6.627474202890799,1.4304668284749193
2014,Finger Millet,East,28.978353723340835,627.9899906617127,75.5975896397844,146.10980179217648,6.866652725255459,1.1077051392060069
2014,Finger Millet,West,25.642558320040795,826.4721348286539,62.76394029362773,146.0423630497584,6.486060250317605,1.1081835111018354
2014,Chickpea,North,27.04064636770847,711.8856885790005,40.61778150085122,139.40411445251559,5.576098356620182,1.106347791073406
2014,Chickpea,South,30.24266472286979,746.4625613393612,76.91842105257082,129.7377854406671,6.069349477692928,1.1422712434650337
2014,Chickpea,East,29.052556992097017,648.82451935123,60.165453749801294,125.29535191910482,6.741113694046917,1.1021380981860456
2014,Chickpea,West,27.908145360846987,901.1707001345111,69.24780529571272,95.54471700671425,5.716800745433245,0.9803502694187947
2014,Pigeon Pea,North,27.887963714528887,793.9394240398386,69.15249778883941,125.56313407653161,5.846792132412238,0.8891513825083879
2014,Pigeon Pea,South,32.36226256639928,645.5647536521843,68.32440593179385,143.09943378611075,6.102351173994718,1.0029428212110467
2014,Pigeon Pea,East,22.938957700901508,552.2039675819348,53.70518633342444,144.0309320027938,6.63303633117566,0.6761393455607888
2014,Pigeon Pea,West,30.037315310488488,624.0325946558727,53.74820796772431,103.87479983916255,6.94611425092066,0.9152807883176641
2014,Green Gram,North,23.602114190119707,1301.3336180344024,69.6730518785505,165.3466586535195,6.094428227690192,0.8842725698235285
2014,Green Gram,South,29.12174315563435,606.9795442652047,67.95464816924905,153.0261737470171,5.502536153830981,0.9180077669680251
2014,Green Gram,East,25.160621891846503,874.1674867340682,58.42339190537658,119.51788833694516,6.304520827367084,0.7059455017325625
2014,Green Gram,West,21.02775861886735,591.6585816609866,71.40126370068587,153.78858021081172,6.631484052141802,0.5802175233509405
2014,Black Gram,North,23.481048445603818,498.94818191046915,58.504626727136056,143.13719251127688,6.756413194186088,0.6330690844843643
2014,Black Gram,South,30.975828271311112,714.8744284729565,64.98078759801159,89.60831551336298,7.444158670949115,0.756042059933054
2014,Black Gram,East,25.709052466063653,600.0250332950408,77.83606064132321,123.5599449803768,5.931025715095537,0.6816209967422316
2014,Black Gram,West,20.354602686599687,820.8964627842222,76.31349830664873,161.1848484267244,6.940222667029891,0.6030323907118901
2014,Lentil,North,26.77503114261834,620.5558034535786,57.18896281183937,119.83967415102376,5.731211221223024,0.8417589556785561
2014,Lentil,South,22.68857995659699,729.4180173090001,73.20913635521573,115.50543971001375,6.4240786856791114,0.9830395210365198
2014,Lentil,East,21.84388999804729,861.5862610709096,66.3666246353891,161.0196233085544,6.828847573185356,0.9075812398699744
2014,Lentil,West,26.478194785138715,819.5361155994199,75.42388398973537,176.7755986590192,6.5824075315425965,0.8717421115338845
2014,Kidney Bean,North,23.123711055549734,934.9816654069982,57.662756069031616,166.74520245023345,6.637625472867746,0.7653244952557945
2014,Kidney Bean,South,26.180269219725997,704.7787721139999,60.787605524633875,123.07561134173727,6.844105081010724,0.9773310959784274
2014,Kidney Bean,East,22.24143260158165,940.3784108816975,62.644353939295726,186.31888862815458,6.470533484685243,0.656547744161466
2014,Kidney Bean,West,28.92615003676685,693.5843814283818,65.02128926501241,180.7845234044858,7.1972131037975595,0.5869600027183273
2014,Groundnut,North,24.875172067020028,878.2849116495267,57.588263854071066,125.99678153379294,7.366826254046909,1.5413785842304968
2014,Groundnut,South,27.907393418407445,774.1079506539562,60.50813580187181,126.77153022560454,5.653446798912046,1.7850432281445405
2014,Groundnut,East,18.213845299472762,456.73936197771843,64.08158200992749,164.16929315460447,6.433366311661729,1.3645435027420951
2014,Groundnut,West,32.34736264967194,620.5206625683703,63.6720130350355,144.2736610841971,7.024889043878201,1.3154637295658564
2014,Mustard,North,27.867037366597017,836.780776401203,75.75454566389766,182.33148192325376,7.149034139599858,1.3114710161733807
2014,Mustard,South,24.575411087986456,972.6980469154797,59.15950224597481,160.38139570919367,6.393567353016423,1.4652345391315136
2014,Mustard,East,26.764619221120224,730.0462857097497,66.2425999935952,159.95368162806344,5.629798559076819,1.102948177849339
2014,Mustard,West,22.369034013488434,550.42923296269,70.80702576442971,163.03036445898385,6.507027022595993,1.4283811411303018
2014,Soybean,North,21.356746978667307,802.7123800759047,70.84800501428386,163.4608739304113,7.43572913190271,1.8081430102124214
2014,Soybean,South,29.704489599428197,1042.4147555950633,59.506277255973636,190.5971248202788,6.0595338617740815,2.005532284081012
2014,Soybean,East,20.4740186607152,757.8665603899732,71.49110495933726,184.46678543258972,5.7810146062171865,1.782667600635271
2014,Soybean,West,21.54433939593989,647.3652213568241,49.749821423994355,160.72945299687495,7.264882382695164,1.7746551990523602
2014,Sunflower,North,24.024980695857877,701.8385314513687,67.38244705576254,202.56506087240678,5.547183935561591,1.0177086870568541
2014,Sunflower,South,22.844706002140924,654.2259227772445,60.13323764837902,143.603136938549,6.122014007341775,1.2800418420718267
2014,Sunflower,East,27.80706680778509,791.8136342146977,65.25116692426221,190.18945765998777,7.476741133443142,1.004047052420955
2014,Sunflower,West,24.836622581618304,616.1639746816287,66.55409127743408,132.01459898049796,7.0688113312168,1.2651404236207764
2014,Sesame,North,22.981550534067992,735.3217594938981,77.34958208793931,152.13471525337397,6.62428950765517,0.485535396811081
2014,Sesame,South,27.407773701655042,792.5436139044523,70.51187162180044,125.33494091961279,6.8136304621768975,0.7370308800391555
2014,Sesame,East,23.798561521579487,692.3843122003407,64.86395140412935,162.62552720684417,5.6272028727555945,0.6348184256765912
2014,Sesame,West,27.547614290648028,1090.5661815869087,64.83282978716208,153.16286136424168,5.960790143029129,0.5318796550393668
2014,Castor,North,29.113962260998026,788.1801294178266,71.45092339726168,134.9872245453709,5.610719633876819,1.2082079445700293
2014,Castor,South,27.204216807745862,702.2896997657455,53.19367281720242,155.60007833328825,6.799904196331778,1.568594356013131
2014,Castor,East,26.970082778993287,928.8302462444137,71.7509106574269,173.14089216970868,6.759744800366358,1.051841916660907
2014,Castor,West,21.811492801102055,733.9245253501899,53.76608346990729,146.64549473307687,6.3487440521072696,1.2699887117875597
2014,Linseed,North,27.247041865222393,954.268763199079,56.986667891032596,169.7035885992736,6.2773495013419005,0.8808300843209345
2014,Linseed,South,26.585930173650702,649.2908563349143,69.88298959780228,148.73842381492904,5.519938469469037,0.7721379517305113
2014,Linseed,East,27.448793872556365,753.0193388326359,69.92456737196356,144.50390740552044,5.91328636978341,0.8277596870123703
2014,Linseed,West,29.136095162965162,643.4627761438242,59.72768580089084,135.64748311791004,5.633319659646612,0.796608951441638
2014,Sugarcane,North,21.72530273239158,886.1484488414721,61.80141647451058,163.39625837512335,5.731011732312933,64.87511706657207
2014,Sugarcane,South,20.951481614445296,850.1051758248442,55.586625367439495,147.44667354398246,6.713946232548531,71.59227817760409
2014,Sugarcane,East,24.554305106089927,666.0831585748113,66.94715044726156,97.66402611983354,7.458526582809032,58.582017016598506
2014,Sugarcane,West,28.638998092750594,713.9243582150289,55.958570164122534,156.82526793735965,6.671308670857599,61.53855882738505
2014,Cotton,North,24.35572528149794,934.1405470810093,66.87474591080239,173.8607269146488,6.7157256481619605,1.352264192992571
2014,Cotton,South,22.250461019070336,815.6682542137054,79.4114407941319,117.46030042991671,6.624221765246459,1.0995517500888006
2014,Cotton,East,24.380163024339332,770.8603059574372,73.32344714115871,101.12378074204292,7.263417939277169,1.0893032947018408
2014,Cotton,West,23.134691941500396,914.355211732976,57.61355118519573,125.33112027071908,6.21249978920756,1.0458126088496993
2014,Jute,North,28.647982638350797,613.4597997914698,68.48531653165601,165.50199996115842,6.044630794362165,2.1518168587681794
2014,Jute,South,21.469517559049347,722.6616325032362,72.25990068977177,166.57176075261577,5.924555030571029,2.4116997270471368
2014,Jute,East,17.232808195934503,1025.377365220393,65.85735932207677,123.03718146588507,7.373140436141679,2.0348069783531293
2014,Jute,West,23.817532686445606,656.8880561269791,66.13422696553147,158.870334366503,6.825571465487327,2.2671250057814287
2014,Tobacco,North,22.318179038901214,991.8665098494238,66.937975871453,101.97248117167592,6.803736187295212,1.854970949091033
2014,Tobacco,South,27.19918034761645,800.9793490223491,61.21379078257405,163.28724220366644,6.899055740805144,2.1652139991120705
2014,Tobacco,East,19.831907600099996,703.830882284839,64.38843898217202,131.11541056640638,6.719378122499136,1.5548094775015122
2014,Tobacco,West,20.481623566933507,843.5627813889196,70.23544821684497,174.30142414349305,6.035336874388595,1.69438569059099
2014,Tea,North,27.632051520219093,712.1725227409057,54.20838612555393,142.28826666975237,6.3760435927006585,1.836198340266858
2014,Tea,South,19.272971489326093,574.7214481120672,65.57466326165331,153.09759700075037,6.619434871856627,2.157575110495859
2014,Tea,East,26.40071987236706,667.5895686794627,68.68984394869325,157.22162367549217,7.013578445804794,1.893602640463049
2014,Tea,West,22.544184920019763,646.4387213286122,72.11282222866382,171.86860207578678,5.583288044679961,1.9182311665341865
2014,Coffee,North,23.791068461208482,908.9151819358301,67.88788866029665,109.72076342064452,6.555159244850701,0.6649218218614633
2014,Coffee,South,29.096759055242366,741.2916898366016,61.99544431753223,89.8571814280922,6.09478666412398,0.9423379782112637
2014,Coffee,East,21.88552567887603,828.9710296156671,59.871349867693155,166.47635859783549,6.85407562976402,0.7313344203718775
2014,Coffee,West,29.072021400238523,570.7355508281023,75.90701210830672,134.87109410985008,6.642425835503034,0.8321393884220896
2014,Rubber,North,20.93919074616725,932.544563199631,73.72919274028402,142.73156950488797,7.096968485860851,1.395080060586631
2014,Rubber,South,20.544203901827593,710.5243558527682,62.49865243414114,171.44747063228357,7.214058056661155,1.6942764316249903
2014,Rubber,East,22.535545430128973,715.9106469732369,63.41911617582654,109.6635147965592,6.68260229784649,1.4623775660409475
2014,Rubber,West,24.099949436441882,896.0801019637997,66.25504918208618,145.85701428316438,5.522026716671215,1.4098274388295124
2014,Black Pepper,North,19.585757117130463,701.3266774080764,70.23604602178511,152.3289694979413,5.507660581000645,0.5933141727748389
2014,Black Pepper,South,23.630909120665986,815.9829797792892,67.74237137541726,189.49332693819727,7.499503126858089,0.4869845534700991
2014,Black Pepper,East,21.25792875521107,786.3941011367003,55.303825865564704,158.12391752645954,7.425783268356075,0.39854090278016796
2014,Black Pepper,West,23.730123274925802,632.4555087991156,61.016305225457266,137.18664723383625,7.085680090547054,0.38450450989202895
2014,Cardamom,North,26.305235014557578,697.1030031938341,65.78646166710632,103.88559422223528,7.11337170952716,0.29750749995508624
2014,Cardamom,South,25.352786736138558,878.0642209995684,57.81464493478308,156.5205791919383,5.60948996451919,0.3106521897601202
2014,Cardamom,East,22.175593085741937,434.25787766004714,52.66950497538309,166.89024903757644,6.300059271972582,0.27386986950797415
2014,Cardamom,West,30.277266006883078,664.6425769992976,72.1592844482146,109.19962787433957,6.434774670895851,0.18467958682284413
2014,Turmeric,North,21.114542881067734,698.883161080876,66.39723744511174,128.04297969177463,6.755727652004203,0.7423460824322028
2014,Turmeric,South,20.440700322796303,774.4166474870854,75.08811181264007,153.9163389150935,7.1150725107959865,0.7072852135537321
2014,Turmeric,East,22.95949179489932,741.2949161131819,66.17601639428078,166.40557843839412,7.11885497692563,0.6841679534093409
2014,Turmeric,West,27.46420194097528,666.7543608666189,69.31053542544899,166.49249424826996,6.310002197175097,0.5486976725517907
2014,Ginger,North,27.526891981041707,742.671875542172,54.7451887724587,110.07729169698646,5.712183559225818,0.7632336252041788
2014,Ginger,South,25.946098748719432,960.3152384810755,70.3109127194534,152.47962724944318,6.161983895206806,1.1585202662118337
2014,Ginger,East,21.511722129020274,861.5306674459987,59.4046836790137,154.04246316761882,5.953517234801032,0.8946941800251762
2014,Ginger,West,20.570609075134595,562.1026763378428,60.153052430693656,155.06660411158654,5.967845641558769,0.8634688616655362
2014,Coriander,North,24.93295548221408,615.1461981773388,67.44451507485641,118.6548793224998,7.415958706497781,0.6997403503925528
2014,Coriander,South,23.018819468553254,566.1920934745705,55.45202047280378,145.40070997396012,5.86127339588263,0.6629501296798607
2014,Coriander,East,28.65643016379887,721.0580169157744,59.32455074137219,166.1148858103794,6.143372737402618,0.7679387718551588
2014,Coriander,West,26.840272289732393,730.9125840073466,74.83240245078093,153.57273469095435,6.454096450358709,0.9481677887478659
2014,Cumin,North,24.505769475431205,830.5347393896936,53.346548469407345,139.4601484360599,5.899143231791878,0.5956000936697142
2014,Cumin,South,25.96455935658592,645.5630008055211,74.99826206254153,171.30540016445036,6.254357583568487,0.5730623433029867
2014,Cumin,East,23.293875278619343,950.6480798585021,57.56373538204001,151.80755906725327,7.1243591745855035,0.5105606388910104
2014,Cumin,West,27.589670333098745,725.3749623538586,61.14182231838787,183.45067906954802,6.776279805032539,0.65136979581442
2014,Fennel,North,23.11403708477629,700.9791025348611,49.166353126074696,143.27709513255496,7.0326081422378,0.48816184194788514
2014,Fennel,South,24.936265662171273,871.4528384047596,83.79279407030222,166.2318894132803,5.794029909799557,0.7142142545323211
2014,Fennel,East,24.997454923964632,844.071342200698,63.533594323790425,149.5051413869823,7.138796461932985,0.6721769164785263
2014,Fennel,West,16.607486007932373,617.4736788280366,53.32462193213482,99.68445208700575,7.4379357241646,0.660097561158663
2014,Mango,North,30.220793301138755,640.8617347758205,76.25784009106908,119.78523689394144,6.441632838731796,8.027980590271989
2014,Mango,South,21.172952020012804,875.3881576408885,68.19765231552978,129.0689526598661,6.258011666356399,8.725919220346073
2014,Mango,East,24.302882813634163,689.7950944049568,66.32322928239763,115.44956078268906,7.3696440808876025,7.213005367694243
2014,Mango,West,27.86706615181621,669.3379204502118,74.41357594534152,158.6167379832309,6.197522494792176,7.624072494825037
2014,Banana,North,22.42426786891422,807.2621595537897,56.585996559262,93.4067847675894,6.91151810207397,24.930180134490836
2014,Banana,South,24.997425167112066,800.6867126913595,61.65915225782497,132.8687363115726,6.253621255548425,27.618016283239065
2014,Banana,East,24.762173620573197,647.7344272147496,77.39336252623522,169.7531553154706,5.54211556711264,22.553927543671087
2014,Banana,West,22.45089010724682,717.213979907684,85.00720398347426,123.6090127550351,6.833417710792913,23.702049483793093
2014,Apple,North,24.941998056540434,513.7527316422531,73.85490871408287,146.51388233978878,7.333922226204978,9.943411877543232
2014,Apple,South,24.930515522156334,966.8935411827248,55.547814706682985,186.28136642386534,5.540682163764355,10.902048195731238
2014,Apple,East,22.809279382441634,538.2876044362548,71.16615045148112,151.22172958262883,6.467593793165593,8.892307259822772
2014,Apple,West,22.921217620190443,1040.8362824429323,51.04279807761078,125.96580327701415,5.530348398092843,9.265759419737945
2014,Orange,North,21.492740659584374,501.91899720956275,67.18494747434916,125.04469353721487,5.568595802606623,11.863146329646902
2014,Orange,South,26.974244394421184,694.6267836432415,65.11558354681804,166.10506526740392,5.616550603121149,13.11879578723115
2014,Orange,East,26.475993179667185,742.9623043100986,50.227678056272794,140.88785549159098,5.5658957364910595,10.84677767782207
2014,Orange,West,32.50888772680892,662.7589023676709,62.96838634882212,131.15344715772596,6.213446338617812,11.42200171834232
2014,Grapes,North,28.48104454290092,783.7940315709528,54.72245039139317,172.05750948864235,7.435479909318172,14.970184513151043
2014,Grapes,South,17.0787048571527,806.8620859491197,62.397608605411484,190.49533085605805,7.336570070759915,16.415384735349335
2014,Grapes,East,19.187144836723153,686.9664903084439,66.47039498394744,139.64025520086918,6.6437950449179075,13.579879459762232
2014,Grapes,West,25.279475013099226,754.516227445382,63.63407759588575,149.04523076161937,5.844698428289926,14.162365756821128
2014,Pomegranate,North,25.957500329434826,766.5853671604456,77.66839127821551,154.07150209662476,5.510157625951455,9.052034085504614
2014,Pomegranate,South,26.53638898335656,636.7883558288871,71.91859550792809,153.78507619879332,7.007627425956738,9.916213482745492
2014,Pomegranate,East,22.110753669035734,536.7533415117988,73.37538191724708,117.40688422437334,5.978517725502928,8.161034797347597
2014,Pomegranate,West,25.296332113333015,749.8351679622896,75.5489434097558,101.75549420487434,6.661937173263185,8.497916489133186
2014,Potato,North,21.17729362466133,956.8810991679998,73.5775737275079,175.30561058634584,5.6039321962623605,19.97180176785787
2014,Potato,South,28.384719349806513,724.6857569857602,52.043551769860755,143.13494183698901,6.999451493567086,22.07943392869318
2014,Potato,East,24.835664918983525,611.5651193782877,59.35854380779657,166.47034937209744,6.502882947395822,17.942517905647485
2014,Potato,West,18.691238405215646,717.9143805807009,49.1276487744955,85.72534643112085,5.851567631660764,18.79798590734545
2014,Tomato,North,25.69139341955607,651.8900338603339,67.3961317160868,138.74458963903993,7.015096786266742,24.999886213718668
2014,Tomato,South,23.360360848155974,713.0231297837593,52.821392676855154,172.61241603456554,6.7718791534828675,27.383634018081704
2014,Tomato,East,22.26566042628361,807.6246821928682,60.48643056111611,112.64905516775625,6.266328937118251,22.46740873324377
2014,Tomato,West,27.271262225921838,793.9352241578488,68.95404338304486,161.05820777497482,6.3773694057995876,23.739966690523516
2014,Onion,North,24.493457530274885,745.4671895850421,64.16025833949101,165.31976853958224,5.518620581524708,15.925811537279735
2014,Onion,South,22.775062222767346,699.4750130607559,71.76637485085769,160.88324590660852,5.829156289427006,17.496066609961062
2014,Onion,East,27.84798218768968,853.9830093699848,66.02902952523542,141.35834063309994,7.225541554918451,14.421917112227016
2014,Onion,West,21.72273318604523,909.9052124099438,63.2355971441717,154.73790491193134,6.289890372042924,15.245849756489399
2014,Brinjal,North,21.020070845031665,889.4954646466874,61.4163092924002,119.62984660278391,6.469717479432207,17.848086937517284
2014,Brinjal,South,21.680576331658294,768.4888725758406,60.51235218089254,187.72350660600532,7.485195437163321,19.740304361634777
2014,Brinjal,East,21.768313775232382,759.5935781287243,67.70685953548768,125.18554983177943,5.915647682917672,16.464494978225208
2014,Brinjal,West,23.840616623150584,686.2323496076206,66.61824326096975,149.55262557479125,5.821426698381972,16.992891626328895
2014,Cabbage,North,18.19150640650777,710.4344779486692,69.11405662890148,179.73332085781212,6.085850406806246,22.133587525563502
2014,Cabbage,South,21.681113692110213,667.5437164468218,71.82561236041244,150.7357647919388,6.10656205213089,24.24021467226049
2014,Cabbage,East,21.24041302072209,713.6831633923518,65.6249605567688,158.64055296523293,5.73984371785426,19.858912562287063
2014,Cabbage,West,21.82147708955511,532.6872915328759,78.20136207865609,164.37146239206007,6.98566255293138,20.83474102104434
2014,Cauliflower,North,21.45395185762581,839.8952551303374,76.94779370778404,202.97437867295247,5.876770018669746,15.113850670787029
2014,Cauliflower,South,27.10656729233387,1129.8865085534355,45.8737427653981,141.76240498409686,6.441569994025414,16.296541115039012
2014,Cauliflower,East,23.89238615935345,758.7968855942693,66.79135279802875,136.7240762345579,5.852165266063432,13.575326864149865
2014,Cauliflower,West,30.118436442376037,682.5382491474045,79.5511882576026,179.42962407960846,6.460269879276746,14.248640562454888
2015,Wheat,North,22.626432726683408,406.1921448358856,57.219348248274535,150.90459859891507,6.888144667061969,2.7108871138113555
2015,Wheat,South,25.538367952831532,595.0117311393245,67.07966394914953,151.3303049275885,6.3055710680929895,3.0997053977820803
2015,Wheat,East,20.555731991529356,747.1749016454828,77.25999820372778,150.25366314359437,7.182679438012096,2.7771584580670647
2015,Wheat,West,30.736948692710918,642.3374937946429,51.604244316374036,147.2744145009134,7.120518261034574,2.7582656543575137
2015,Rice,North,21.706655483308325,762.7512842288694,62.89773630439506,155.52939946823645,5.536761979550484,3.488022395087074
2015,Rice,South,26.207611787122772,814.5049646097835,79.16564520587039,107.04656274059911,5.933628551858217,3.827691648589014
2015,Rice,East,26.07503353322801,561.0134953913137,49.42307698612305,127.64646402987057,6.532269609348996,3.3377308544589566
2015,Rice,West,23.616585387788337,598.3224308267985,60.47685623771679,156.07836637846222,5.8924685633757115,3.3753306828153953
2015,Maize,North,20.279576821919424,936.5161569108967,66.42545956846281,121.16330013371726,6.554296763250529,2.633806691213965
2015,Maize,South,24.93791648845861,536.7833415637245,63.56813246886647,146.0337204132747,5.955067753872926,2.8839337489977264
2015,Maize,East,23.039611312825578,670.8647777220631,62.85098262490728,187.51051094220372,7.0072202629559746,2.382250947192516
2015,Maize,West,24.850236356046835,665.1005044623339,68.75527084956563,147.45437335598928,6.853953504622057,2.5618469092434912
2015,Barley,North,24.262264421243316,722.4450085988747,53.16978300922972,191.8066476024382,5.950414200432403,2.285713341465802
2015,Barley,South,19.932662638087464,661.2489174649446,65.88298783946301,153.24017597428028,7.236952302405539,2.629658865829601
2015,Barley,East,28.017267482414354,769.4685134878968,73.1795861828474,136.66420633456272,5.576727722711402,2.0733787657338145
2015,Barley,West,28.275416017223936,831.2578480825595,68.57882138136145,153.4550346767673,5.516016281347566,2.0780742703826554
2015,Sorghum,North,21.82231492001052,751.9391334616504,78.37078060349981,127.46560800257063,6.341793057518452,1.9101033487982797
2015,Sorghum,South,28.408736690695175,691.426536098838,57.85187925984576,169.94626753455347,7.222227040122851,1.8839214565649924
2015,Sorghum,East,25.804479246352457,789.2187231705589,75.01826929565311,154.03248856656737,5.750177819672807,1.7246759709497022
2015,Sorghum,West,21.8124772734691,570.248545176649,71.64881952916528,153.97051436912574,5.871867281748769,1.8991760832961238
2015,Pearl Millet,North,26.896720520547813,514.0675857073967,64.4558175057098,189.22424672372657,6.175438289124434,1.7618225960701828
2015,Pearl Millet,South,23.96304502461773,701.8801330539948,60.71134563903317,222.29257474891918,6.957230313585554,1.7906193983089902
2015,Pearl Millet,East,26.68110379114662,508.9306592176255,70.84886824810052,138.0623763145893,6.3550114074267325,1.3731427093439275
2015,Pearl Millet,West,18.618243587601814,723.4365844364802,52.64452921401404,162.32209929629676,7.078081208404094,1.599192304459548
2015,Finger Millet,North,19.70403511063375,490.40919343684874,70.49733822832773,140.48768911123057,7.043565878136696,1.452832058606837
2015,Finger Millet,South,21.48477683476893,818.6330364999195,60.77851844466433,156.42393595459862,6.3178544715133444,1.4429339848728078
2015,Finger Millet,East,25.663049090910015,1001.8170125747249,71.63954571077474,121.08595992147531,6.58515090507116,1.2067876213983262
2015,Finger Millet,West,20.55392328395463,618.9167661726033,67.60835501092687,150.06255750792806,7.288199072212318,1.406861341121219
2015,Chickpea,North,27.057573455825256,431.2054398826217,56.72148054786193,176.4798428780887,6.324193137416229,1.4305163858754144
2015,Chickpea,South,22.36937689402056,587.881367655024,77.98605352422443,199.78426046042262,6.334896567792925,1.3632204861603041
2015,Chickpea,East,23.49646817936768,960.0926862620129,70.28927216419864,147.92835660383022,5.595677625014078,1.0899936135873818
2015,Chickpea,West,27.415216302462184,826.9504916296974,58.00380965847148,127.39326504842433,7.073051774207182,1.0881786253282462
2015,Pigeon Pea,North,24.681500715998645,688.9046354937961,56.79732887574038,163.9834331131918,6.749590797437451,0.8885918641766912
2015,Pigeon Pea,South,25.10720749878663,810.1567033874687,62.30478589819232,147.55118135037063,5.57815737200391,1.2353187646796773
2015,Pigeon Pea,East,21.580481233593996,743.0685960275945,64.53023658316297,161.1634126735178,7.22206679994448,0.7940233245684023
2015,Pigeon Pea,West,27.678789949706424,902.4971909360374,56.08299677616298,124.93709326089865,6.312219961005116,0.915840829286503
2015,Green Gram,North,23.567527215696128,594.0385700475487,51.91536778547002,174.1986378285235,7.467194599477549,0.8682239105982604
2015,Green Gram,South,25.349735536037393,851.4532427388892,66.09399687950106,120.28747919813662,7.011931697862496,0.9243259805531394
2015,Green Gram,East,20.4180332224663,766.3345791595798,71.90034787692136,107.62566403708468,5.644458696544955,0.8629771913816646
2015,Green Gram,West,25.18503563920863,710.3764255328814,64.39411853777392,131.12128655683676,7.1998749828094475,0.9012054591586314
2015,Black Gram,North,25.23061353495104,790.0101340302119,47.073226047818096,150.14089575742133,6.054853469601959,0.9377180936504561
2015,Black Gram,South,26.06010952070627,883.8447792361147,59.46454942129087,174.89733538973113,6.555624216591242,0.8975569072140915
2015,Black Gram,East,34.92603573147786,804.3979543076109,50.17117186430683,155.05413444269732,6.033798576197544,0.8518062195240171
2015,Black Gram,West,33.30108983995596,747.7065963431892,62.8165334381959,129.10777487449909,6.112478490456801,0.8642359182026116
2015,Lentil,North,25.976070461370455,795.7787973432381,66.47976460058526,161.31890880191736,6.328859624934073,0.892794193815696
2015,Lentil,South,26.907022234561286,542.0258026752422,75.69325886207187,188.7159823756009,6.57475838088771,1.1352238235743712
2015,Lentil,East,21.10949845849608,634.157545704232,60.00778001347502,152.87226769588398,5.789159420479169,0.828603510133376
2015,Lentil,West,24.29853366155083,727.8594549350311,67.42306621375442,159.96120113780003,5.779441133957908,0.9733133858145521
2015,Kidney Bean,North,26.511888895292724,605.138225691679,76.02733430412724,145.80486138133833,5.859290631728263,0.8887353683112311
2015,Kidney Bean,South,26.352475943722112,754.89044260746,59.255481731053884,135.3035923773,6.707510287675226,1.0153671933642836
2015,Kidney Bean,East,28.52993075172099,624.7800154185788,83.7026219631064,128.4810799574545,5.842546821332479,0.7318038529513413
2015,Kidney Bean,West,26.19132195135673,702.2994503226216,56.520600753657114,217.71153961799482,6.839367944926545,0.9317477368748587
2015,Groundnut,North,25.309004848610833,786.059088889113,68.69809971563363,119.18559863461294,5.675435283439929,1.7530334564354413
2015,Groundnut,South,20.66571564250186,726.1575380620471,67.93681482003144,162.92542243938874,6.7960633146617235,1.8081056160672249
2015,Groundnut,East,23.84056258637722,441.7694183238629,58.58240473571857,121.32101222470722,6.168430674520229,1.4425617103577242
2015,Groundnut,West,23.06518847296917,748.3842420685486,69.83530530050945,172.59031895735765,6.073631494414062,1.3887417654450986
2015,Mustard,North,22.68361834950333,508.05665211367943,75.62092361284245,205.22959916721697,5.938640802422764,1.6892191760833069
2015,Mustard,South,20.34884257792681,656.9708132391762,60.074100334326346,132.06519590851423,5.713982522349246,1.6120954810691903
2015,Mustard,East,29.173775336169367,784.1079223234806,53.14068687152902,140.6016070021605,6.531891757050847,1.3629083910171744
2015,Mustard,West,27.614573158263802,545.0000143262213,50.81937147710836,140.90966760245956,7.213459893011795,1.5875551927093197
2015,Soybean,North,22.514135549176018,782.7418942534267,53.181754342943,108.06771829852124,5.751048362455752,2.1078414239014394
2015,Soybean,South,28.087234388626353,939.1056265410357,72.01371349108894,174.10389710429948,6.636638302155851,2.056401082731415
2015,Soybean,East,22.818701379472106,709.5025970910414,72.16669033883173,161.78713880068074,5.956943151834047,1.5949936514643182
2015,Soybean,West,29.235834990229037,355.4120239832938,63.80435445468009,114.22921995938322,5.772742210058917,1.7597273888638154
2015,Sunflower,North,20.573765796717932,861.9552919959203,67.3108632335814,148.95735359786497,6.095508307344488,1.4371387323883262
2015,Sunflower,South,28.483615078217497,1034.1062078128562,79.9396960332908,120.94835449359292,6.794444566795711,1.6040328426433927
2015,Sunflower,East,33.479217781982996,470.8387298418101,61.18758861424607,117.3852639049882,6.133204869654826,1.072266972363933
2015,Sunflower,West,22.069336978250796,675.5888925172925,63.51127217374049,146.18928795884156,7.293008501917989,1.4121152029069644
2015,Sesame,North,22.855409817657836,754.556739576323,66.54406552265638,174.11504393259236,5.942295220221387,0.7829323772582862
2015,Sesame,South,21.105045426459068,661.3776583689864,75.27549642221908,176.09613605431676,6.325822379178426,0.7676520167610345
2015,Sesame,East,21.105792333300325,730.409481116123,75.9357971696193,163.85230267509817,6.393539668936504,0.8261588375978198
2015,Sesame,West,23.762447399931943,904.0015389329868,72.43145610825772,134.87733090179563,7.1436029185084005,0.7122898893946887
2015,Castor,North,28.51563307225707,914.0125779713508,60.44240829659415,141.05430166396832,6.519514133801743,1.2196596265772741
2015,Castor,South,30.27936892764587,988.8900434170372,71.7046157446534,138.62574217599055,7.308762269331047,1.4990389635753534
2015,Castor,East,26.88187360385639,874.0503176945159,60.196914457031156,153.49134223913376,7.2875483755238895,1.443150819840131
2015,Castor,West,28.074619901611126,674.1458824269714,70.93457835512102,147.70078834492384,6.696612151392038,1.2272181349722524
2015,Linseed,North,24.766681899206752,661.4308807477335,63.4517161072277,146.9033972955796,6.0184306675439725,0.8760739795330544
2015,Linseed,South,25.012231476298663,833.2135034117936,72.20566175233597,127.04491567872516,5.922013383415052,1.0605056879123407
2015,Linseed,East,21.879403867133583,818.0567389228163,72.34599402983682,138.01779406904637,6.095347431185692,0.73070834859402
2015,Linseed,West,26.16320500580347,621.0462020516551,57.75227886945841,131.92786997309588,6.046319240739891,0.821816930520504
2015,Sugarcane,North,22.335200916844883,527.8656968785568,73.27063720266182,172.53813765258394,6.10699246357803,65.07915584374307
2015,Sugarcane,South,20.389659987783254,760.2488344054868,59.891804896364654,154.02605328514954,7.186073893855406,71.5645472662069
2015,Sugarcane,East,28.60836299305237,390.81816524789957,72.56360622613195,134.45014647055862,6.044005147461979,58.51089887116787
2015,Sugarcane,West,29.000782984072103,777.9318440593435,68.65632052477093,114.34715707142239,6.3121642651195415,61.800078984667074
2015,Cotton,North,25.449459350478513,807.2369142257288,60.699384471994044,178.07598244078665,6.784419274005395,1.2556736535182098
2015,Cotton,South,26.134274648537698,779.4077205132318,69.1919977955628,170.226681471122,6.566956951812585,1.364099283997007
2015,Cotton,East,24.8119987256335,635.0168550424625,57.5928807688708,147.15833277296412,6.915045637956085,1.2576029357237053
2015,Cotton,West,24.871687829229728,573.6459296684185,61.053453194873796,115.47914700061686,7.220147037979586,1.3437445378348678
2015,Jute,North,26.462608721083186,585.5043091690412,64.8933372237083,141.4323361596684,6.166735676233126,2.514582492507649
2015,Jute,South,20.365192233539798,776.9944119007162,59.557201403978105,144.92218378183966,6.064997453241929,2.4729730313963043
2015,Jute,East,30.042771096387675,777.8578686704294,63.02931775056121,92.46320705825033,6.127564286611458,2.0369067906403995
2015,Jute,West,21.619547114970775,875.0262198553718,75.19542741350065,145.7081586518804,6.671726101055843,2.289356063224923
2015,Tobacco,North,23.08780695171448,781.7834137031666,63.59973969365219,169.9302279899318,6.996467432987019,1.869113757760341
2015,Tobacco,South,23.58117807121473,551.4744212607035,68.50934370046608,192.5391517513214,7.0408235741372875,2.086005247324249
2015,Tobacco,East,21.174424021861782,722.7701561181439,64.8910521813238,140.49989402410714,6.16203251898979,1.6321244514846498
2015,Tobacco,West,30.33151842592996,739.130114802374,54.71527199395178,172.00164907393355,5.735877349748467,1.6687884467268008
2015,Tea,North,21.12717024902435,848.4615465807208,62.07458333975584,162.6067687009596,7.056743809090983,2.1359649157882115
2015,Tea,South,23.24876167792874,668.3642441329856,67.56921600141484,173.48993429679663,6.881902732535911,2.140825068022025
2015,Tea,East,25.93628264452202,689.3917969786886,72.7283263844589,183.93311654816108,6.247877427207549,1.9342300959804966
2015,Tea,West,26.31275690723487,546.2243174906876,59.58023059617819,123.90090093620168,7.291305839166354,2.051319098512969
2015,Coffee,North,27.948278308704882,641.4320751201972,58.48481450042941,187.52107575700944,6.304589356152637,0.8783895628816681
2015,Coffee,South,19.950426913452194,931.1861301133915,74.70190011409943,134.3697242737715,6.8187006061985,0.9102573478457653
2015,Coffee,East,21.939090737452126,683.7046106035358,61.78396306929024,168.03066359371843,5.503624067738503,0.7496270188055749
2015,Coffee,West,19.516662829600335,527.6620975850796,65.92001222281965,119.0269086609311,5.539451492926351,0.740430822365119
2015,Rubber,North,26.23167173512412,619.2250201938435,60.841801682959755,118.87413851871605,6.133368712033852,1.481801800393178
2015,Rubber,South,29.987921036539337,914.3933865329922,61.10057429992052,165.80399548410276,6.4351778969975335,1.7499206127089328
2015,Rubber,East,27.620914035197977,757.1441423356323,48.43056093935627,174.8333625401942,6.513099999817094,1.2753286366312726
2015,Rubber,West,24.847901018140515,806.4423467855916,68.08375580678594,142.89274723616654,6.602634781325628,1.5915734152335226
2015,Black Pepper,North,22.341879259064868,678.1829276583245,67.24099201935708,101.13297511003117,6.148501747703941,0.5857240745182406
2015,Black Pepper,South,20.089456310610558,853.2054945669706,70.30836494798749,124.34797889510939,6.920346533180322,0.7019568179287777
2015,Black Pepper,East,17.766305144305893,598.2950233008254,76.17243591798012,120.85363079961448,5.581191970604747,0.6562334008268446
2015,Black Pepper,West,23.54470618209694,867.7682713290914,62.935635875110705,181.71458089118673,5.671199105645536,0.616684211853775
2015,Cardamom,North,28.704552010021192,628.8944932160178,55.21423815950456,185.6156933019311,6.7229897054383985,0.2961443693964116
2015,Cardamom,South,28.877288123011247,571.9893183035414,64.87216445692869,157.86001051817954,5.827091373648279,0.5293871334282606
2015,Cardamom,East,19.453345309874933,777.676891343914,69.31242440324657,164.0899363309992,5.755136302728569,0.3856042741868546
2015,Cardamom,West,28.997968966365455,444.0253775060261,51.19312257380153,146.49530921650896,6.541748073269772,0.3893174024443073
2015,Turmeric,North,24.020771971472804,770.2957272188219,63.220174933601136,151.7030712535163,7.157060519163017,0.7314325082409869
2015,Turmeric,South,27.460895123526896,651.555632073445,61.06497046360277,127.40219587093308,6.517077782995416,0.6821744686506404
2015,Turmeric,East,17.747073276784317,699.2152945994092,63.56034638557375,166.3081633957058,5.6573241166285175,0.7701164461742471
2015,Turmeric,West,16.90303722700382,708.6206660120947,73.89680495377071,167.1322521177742,7.10615128467549,0.8931908859623165
2015,Ginger,North,31.25520763810975,677.38870464683,58.46309758020553,136.66635599941992,6.17067647669642,1.132646678213856
2015,Ginger,South,28.668830013918424,705.2486828749325,54.43286173995071,203.57517636462273,7.160065367256149,1.048325908922915
2015,Ginger,East,20.855702042409106,753.2433445696676,71.20517194234995,142.48524313278455,6.440946639354314,0.863122616411801
2015,Ginger,West,28.05291077636102,921.0036737362275,72.21686014994488,156.20720628877135,7.225942054664289,0.9576027509722006
2015,Coriander,North,20.87172548121952,712.0245705395728,48.72600912391262,118.94376921327193,6.987088539274589,0.7159733615204431
2015,Coriander,South,28.984498161871997,723.5396851397503,50.60897072580883,138.60071955048642,6.147958549420199,0.8831480595240528
2015,Coriander,East,20.93434985724915,742.0628816874689,64.52276550406246,107.45835354281459,7.451054658041803,0.8972136496471815
2015,Coriander,West,21.89947196214353,470.5905593992953,73.1418390088785,171.09386179268427,6.233986534163895,0.7964130760678155
2015,Cumin,North,25.582276849271725,662.2496381382108,47.157436601815775,197.0200879698329,5.918575523060239,0.4621568340126671
2015,Cumin,South,23.577954597944075,822.8375117063803,71.1228307153284,127.02605413251158,6.991784530130964,0.7149764032674035
2015,Cumin,East,23.477995430563055,411.10104592333187,59.35097110251116,141.21157809378488,7.471716880821875,0.5615672722905483
2015,Cumin,West,25.81916525390097,720.4558492117874,51.0500823764003,117.48916049070763,6.1676298234184745,0.6329038636111748
2015,Fennel,North,29.69431618045985,887.1438030828539,58.17203615950927,133.26407715916275,6.808046155317521,0.6757820930271505
2015,Fennel,South,24.025349134024783,577.759348751847,58.66991078954558,163.53388577453822,6.772437657338689,0.8467261157252433
2015,Fennel,East,28.12877956817156,751.4458671172646,54.84567115805517,188.40391932137362,7.413629341181755,0.7408131972465675
2015,Fennel,West,26.744780475524603,750.6834426927894,77.80098949184175,161.0328589015318,5.70217718834843,0.7728299551484747
2015,Mango,North,29.727299059642768,511.6518855138065,61.42225748216915,106.77252056419874,5.842204956826803,8.13857499681817
2015,Mango,South,27.107979995497917,927.350545412726,65.96373081873199,141.45266559729976,6.480008501528687,8.790153374719573
2015,Mango,East,22.419581531394666,596.2819460402305,65.71617640608521,151.68008631775527,7.3822711697008945,7.253541637583676
2015,Mango,West,27.102080958429845,725.4728394538963,66.14645044000002,137.1023671716915,6.34898566535307,7.607087735523919
2015,Banana,North,21.664665102596672,592.2294595316013,75.00516274679022,177.0504309791229,7.073937296873485,25.069179002657275
2015,Banana,South,20.463235380285383,877.1083307202007,63.78287653282583,137.4930277248751,6.027014307041714,27.324930461688734
2015,Banana,East,21.923073272386475,664.0874602663432,69.8694779333512,177.71094020535097,5.7155844947310825,22.762885920037224
2015,Banana,West,26.637911254778924,816.1371685001736,73.55930748328777,168.25709548267412,5.5360640196504605,23.867895024072737
2015,Apple,North,27.30292900805623,761.9033756559953,62.52831135350608,141.69149571035317,6.070722771995709,10.203910976751645
2015,Apple,South,26.59027935726288,800.3530975599174,73.6910456896467,158.33424628152196,7.106091049351759,10.835790845066512
2015,Apple,East,22.854689272549336,511.65732780808787,64.07272042520104,159.34454335080397,5.631788036423839,8.912455062462259
2015,Apple,West,29.600960017603875,834.1869003298887,55.31529698544705,161.75273022989234,6.867686061290723,9.587264531802582
2015,Orange,North,20.99388780571314,851.0717553182303,51.31517316450788,140.17274498246346,6.286340869128528,11.9487702008316
2015,Orange,South,22.610876574731474,603.7872021645015,55.44766286831822,118.05772450619344,5.931608502119387,13.418683180973357
2015,Orange,East,25.556645823388227,604.3807442785135,49.467457595038226,90.37736227623543,7.247150611519468,10.89716784209045
2015,Orange,West,31.801485197433173,612.1263914317149,61.48425384007833,166.02650673529521,6.810906912987129,11.637243135882281
2015,Grapes,North,22.450926850576867,642.4631393594874,57.38604421366624,195.28742204679418,6.928306292784348,15.096795250583629
2015,Grapes,South,23.100574107165762,950.8214213846757,58.41431798820729,168.23279541345696,7.254978483462976,16.466922805327044
2015,Grapes,East,25.472308690567118,701.0247489666418,72.05219656783015,153.91865843964783,6.28896926269501,13.78992200235205
2015,Grapes,West,23.531225125298146,886.2873866417624,65.07030754105658,151.44660118566892,6.054050897739248,14.31976869984007
2015,Pomegranate,North,25.7333702231466,819.0967913151504,52.23740366851538,144.97329633938293,7.289195746701944,9.139907168857969
2015,Pomegranate,South,27.106467841606502,796.1913000741215,69.42401337522922,206.23593960490726,6.70851903197385,9.91016251134436
2015,Pomegranate,East,22.153622669198267,890.1892304172986,81.8532837733155,195.9076038078311,6.492797843354168,8.231331009987944
2015,Pomegranate,West,22.374371538563402,599.831388377083,70.56132198664112,140.6091584820665,5.955556683235603,8.52104239540887
2015,Potato,North,17.538805855784492,884.3493601589872,72.6506794520385,148.73353358544475,6.289601536925906,20.097953261446136
2015,Potato,South,28.872135777449408,660.060353240191,64.2939882981497,224.4763740950347,6.617681741909333,22.097757780163423
2015,Potato,East,24.39623261174654,798.8429089882446,65.54417235503244,111.87098377402475,6.591805118533615,18.32274521252096
2015,Potato,West,22.97569275797545,567.0566020809681,65.87266376279865,159.64925231422188,6.173843826153491,18.983218730329494
2015,Tomato,North,19.83495227521913,831.5601463122532,72.09327894905941,110.22481291315886,6.5475169931057,24.98788306796179
2015,Tomato,South,15.997931424197088,653.6320778763724,72.62207751355352,130.3108032568476,6.508842079430426,27.514104778493387
2015,Tomato,East,25.067017717955824,952.9583761912515,69.69654787810414,119.58540483022111,6.512166191481022,22.6621948124245
2015,Tomato,West,28.5701022230328,985.4808362780041,67.0540063892943,149.71212279808387,6.126501480977644,23.942912681782946
2015,Onion,North,20.645973837288498,819.7152746449752,77.06450916921658,178.07230308259813,5.9274805241222435,16.0113677395004
2015,Onion,South,32.55364057500441,606.4713291960858,71.76313106622457,95.05216386064973,7.464154757271261,17.612918354740994
2015,Onion,East,20.813122249900513,697.6526693491696,78.53467870019666,188.63094281909216,6.33751798096531,14.433005456576076
2015,Onion,West,26.709719690439332,735.2757194985182,62.174688328075405,147.03006842169663,7.363129960015836,15.44760807150186
2015,Brinjal,North,28.033315638015285,838.2611899160263,69.67175925478267,162.19021667596778,6.222532776811979,18.048326625854905
2015,Brinjal,South,23.13442759120663,717.6862830964878,53.20397850361412,173.67018916279676,5.8287853686568285,19.916050322963674
2015,Brinjal,East,24.71637715282517,804.1039645621955,67.14425589668784,107.9353278175358,7.315232772450455,16.286995958710904
2015,Brinjal,West,28.63113416602689,803.6431914560059,64.0620832845118,168.33370581722596,6.177939852345643,17.126228722030344
2015,Cabbage,North,30.206376964182876,548.8837470862999,62.3400664494408,149.18017163880148,5.734090145412653,22.091746461067917
2015,Cabbage,South,24.79810636496932,781.9200624640519,59.262544794220226,99.1911558925404,5.773933269088472,24.164628863483788
2015,Cabbage,East,19.760270477417578,725.9409828546611,64.64620616494126,189.89234333741788,6.177987940323146,19.90527263321431
2015,Cabbage,West,21.5538437962714,739.2456035412687,52.93058408589887,161.24574794387829,6.710687255888461,20.906600710962056
2015,Cauliflower,North,18.541154807195667,841.1523793333763,58.755252055418936,177.22530629443855,6.419199099276447,15.163799862906824
2015,Cauliflower,South,21.04342967246995,673.4085416969077,70.62026651147085,116.68879130263585,6.2829085415889425,16.738828439597675
2015,Cauliflower,East,24.522599249736558,553.5479995666129,55.06254430552502,177.0628658855627,6.084883609179031,13.644750896881085
2015,Cauliflower,West,24.921237705500303,874.7260575612167,66.8567571034283,162.47207986920532,5.538086818548583,14.312495878142911
2016,Wheat,North,25.690166834636504,795.6501061462842,65.3346221640279,132.06573262823895,6.493290424779008,3.027378441730869
2016,Wheat,South,22.955901592612992,794.8975628356837,59.45167288430252,152.78999292253783,7.13420426600523,3.5774926106109217
2016,Wheat,East,25.96299269105807,923.7815803820405,71.24297809592059,163.11296981304892,5.901657500349842,2.88178211509531
2016,Wheat,West,23.598602051182514,737.2738644380872,59.62623368593538,118.6459753251099,6.670243321854249,2.811623782401349
2016,Rice,North,23.50109379066255,768.7189804094364,48.34357598590297,166.80434897297047,5.514545615388019,3.7041640011044143
2016,Rice,South,22.974587486319408,736.9146033514338,64.97195418593061,139.62388498905912,6.657170697185899,3.9942501341527303
2016,Rice,East,29.144236949666833,743.5677433273129,64.76184404339064,147.384576690976,6.5629718546090094,3.3782392591368704
2016,Rice,West,25.291845847084765,744.1615486786576,55.996171639034344,143.7863657621806,7.4493568216142325,3.5512898664016754
2016,Maize,North,27.477979449521442,873.8555110157137,65.85988574665134,139.2295599402951,7.156086571548505,2.7461529270475906
2016,Maize,South,23.61820862233756,939.5128995519697,67.36313405542906,129.99481807879457,6.341754499486412,2.9544596418192564
2016,Maize,East,23.379801241038273,823.1871515662465,77.84284769889445,180.59840860594724,5.6760120550229045,2.4217180614194356
2016,Maize,West,27.59161497865602,727.6887804246313,59.307912235078085,134.87192983485966,5.930241194092082,2.6555903366694436
2016,Barley,North,19.865692818895738,841.5982590506457,49.727549197190925,169.2391285945252,6.145367414155641,2.5118850985298584
2016,Barley,South,26.196976472505085,943.9407820764312,59.90525671848109,162.83933320004573,6.8091323824471965,2.530855460155068
2016,Barley,East,25.43626904852464,981.384485004895,76.62330915419098,95.36727945543926,6.856838503427425,2.035478318917971
2016,Barley,West,27.677145735912084,1011.7602090473398,48.35407579687217,180.14546051790109,6.78754121620249,2.2053548217268983
2016,Sorghum,North,26.529471312905095,665.1247217854457,63.03274988573197,187.90339741433894,6.7238081695346485,2.1610274355767145
2016,Sorghum,South,24.25825816570929,557.2149396271701,69.27976537891016,135.07927029710717,6.4531358871600375,2.0947524066412506
2016,Sorghum,East,23.41423522525264,502.63265842365854,60.70235918917989,180.97527836038194,6.62562522190726,1.8881650570493742
2016,Sorghum,West,23.734703929768806,564.6929240277777,74.53008545305465,166.878426410173,6.4962593483679605,1.751327210458524
2016,Pearl Millet,North,20.01365585934568,867.9990756852968,81.30663187704664,136.6674750083534,7.328915301761882,1.7298787019559385
2016,Pearl Millet,South,24.328389596519152,594.2164273578951,72.03310659231632,148.90187167612194,6.111152918655652,2.0062361073688257
2016,Pearl Millet,East,17.897567039880165,829.2296198216144,57.768956699011234,142.0493542396358,5.5829986087714225,1.4574319632113193
2016,Pearl Millet,West,24.546482407015937,752.6906583376381,74.9790823357973,135.80206303535118,7.192238371110223,1.65952677410405
2016,Finger Millet,North,22.478521043479926,877.8521515933993,62.61495536587325,108.6896902425799,5.560040451434673,1.5493236647540007
2016,Finger Millet,South,19.19773676362127,972.5029438511262,65.56070780166853,135.9448575944934,6.130016550379548,1.5629629112307033
2016,Finger Millet,East,26.77698864104003,792.1275851005483,66.00509790937856,156.57008716174172,6.091276663559272,1.330119826144019
2016,Finger Millet,West,27.343751071848224,792.4066503792521,45.17089504697661,108.70204542020532,6.510056092297534,1.3216518460096132
2016,Chickpea,North,23.929180337408006,847.0155717215646,67.44239831352178,131.2611387273816,7.172158550333677,1.3343085249744369
2016,Chickpea,South,32.41068401895192,649.8166385954099,70.2836796188124,140.36266897719105,6.1615859828553114,1.21876472706527
2016,Chickpea,East,20.667400628135432,947.0195096119525,73.07523172220193,158.9121972193694,7.104919630674741,1.1730478918401552
2016,Chickpea,West,23.668676564686912,809.6014341581339,58.120479458644624,171.60031938751118,7.128601967343176,1.239579483759581
2016,Pigeon Pea,North,29.665346613124356,794.0685359600554,59.89270065064369,176.52716570397158,6.932329076355222,1.0736426007481124
2016,Pigeon Pea,South,20.827092397377,733.1023198795576,75.89923789551086,106.51082561845047,6.90870591294426,1.2209641629240966
2016,Pigeon Pea,East,21.14691373566119,882.0864544200572,73.16038874621294,200.5392969971001,6.304262310057753,1.0686722894794458
2016,Pigeon Pea,West,33.16716398909475,765.7058415912311,72.92952890341333,168.68612428567639,6.285901529982706,1.0876486071953049
2016,Green Gram,North,26.729378474976492,849.7673692289071,68.10522477171341,154.18247251363832,5.9999974704476635,1.2070616602264796
2016,Green Gram,South,26.066662556007934,905.4754805078048,59.131654695221215,199.50188083610047,6.145802137155802,1.1872764319179867
2016,Green Gram,East,32.102243092081366,722.5653274794516,78.9173220157636,152.132101718331,6.3220943871121165,0.8132871781158383
2016,Green Gram,West,17.782384543481598,845.9291220153463,69.39993579874923,162.09305558720996,7.136630423308543,0.8567110460407914
2016,Black Gram,North,18.829049678507097,928.2465309442364,66.28519952282494,166.5565745539905,6.818980116249168,0.9959719281792441
2016,Black Gram,South,24.417460788211407,749.1361137034935,69.07127550104553,149.5341290331723,6.053995636909432,0.8396501368978927
2016,Black Gram,East,16.680514282975714,848.414282816912,57.02474431735688,126.67842220516017,7.210816324208576,0.7467510085911698
2016,Black Gram,West,23.070449973918908,876.1110139578452,66.12252081899146,138.57420451670927,5.862388918938366,0.829089468138499
2016,Lentil,North,25.596318491480325,1067.1701439278622,59.1752235479817,123.72024267584545,7.468481433603298,1.1035515047329993
2016,Lentil,South,30.807698720760683,882.50785702942,79.55817429850077,147.9227668064204,6.698587132620958,1.2979932286418894
2016,Lentil,East,25.2634270993121,771.6330661107997,69.00617035296168,128.9265451783553,7.353613418220081,0.8827569017446262
2016,Lentil,West,23.057494808848354,730.2742476454763,64.46750761164435,160.836641251391,7.3215898610198975,0.8688206326206643
2016,Kidney Bean,North,23.54898334893578,656.0026838282374,71.89379712040373,136.07461329604675,6.4028153408671376,1.370667364584843
2016,Kidney Bean,South,27.741255561298882,752.2555168030543,78.7134677329947,192.1649034005547,6.234347628862585,1.0802975533189634
2016,Kidney Bean,East,30.90075088752476,771.9392178157877,73.71829611363333,176.8130178544318,6.907871814655662,0.991304441683653
2016,Kidney Bean,West,22.953310733389117,575.1734956438577,63.1621173480172,146.1044736106546,6.7670705872323405,0.958129052935986
2016,Groundnut,North,24.526163970704935,623.2644154706494,69.83306088459227,168.02477681132413,6.21387459589627,1.7979695895720031
2016,Groundnut,South,24.761180935106687,926.610131534489,76.49094427395003,123.74533656595827,5.792033811184217,1.7796634098716355
2016,Groundnut,East,19.976593005204485,614.7979092836803,58.81560619990359,168.15402899758868,5.653221528522226,1.4234464447667723
2016,Groundnut,West,27.608372889114467,782.5001256800824,72.82635175169567,160.89281601124188,7.369597939346999,1.6719882776997668
2016,Mustard,North,26.27884354203882,925.130168424788,74.78462382917226,163.10070368008655,7.438075252605106,1.8620463930303779
2016,Mustard,South,23.70968116963445,942.2490491393489,76.71210877441804,150.76892909209232,5.676973791398028,1.736984405223708
2016,Mustard,East,20.553985670487073,597.5811808440236,69.371193013402,133.51679207909154,6.487061660465242,1.4307333099550361
2016,Mustard,West,25.823062746122645,970.7679394289183,57.363605513404174,171.5676230497504,5.6998637541088195,1.3383642469554622
2016,Soybean,North,25.49139373898713,949.5357495030229,54.72627005656277,131.49665987525543,6.732434792588278,2.0446782142565905
2016,Soybean,South,26.997955771670416,666.8797737020572,70.30917077626273,176.48913931558494,6.891355326430678,2.1555353621328806
2016,Soybean,East,21.9894013848784,999.6714179939219,62.221674094773135,125.98176840480811,6.944194892535761,1.843647606601961
2016,Soybean,West,21.382778709962146,1066.5703713522837,61.44417973447178,180.12794349036128,7.023485412939031,1.9281870356313549
2016,Sunflower,North,24.717335918465306,835.5396457303447,52.91089029324155,108.01783532628008,6.6216246835550345,1.4783451695265457
2016,Sunflower,South,23.40086669383991,731.5590931464554,67.51470946505144,160.97875334251043,6.540165366433168,1.648265954232187
2016,Sunflower,East,26.114917943657527,953.57778473934,69.35063765122591,163.31622191204661,5.990609434118163,1.1807967509663615
2016,Sunflower,West,33.273025674099486,896.6590654102433,56.53145377394782,174.5980884311113,6.095959589324539,1.3218581160344731
2016,Sesame,North,19.37497783758419,949.6994333541695,69.39159501289087,176.04484738288,6.178261630969406,0.8285645492232931
2016,Sesame,South,24.833343693150177,891.6732096986416,57.70706158276878,149.50204009250672,6.476669826008669,0.869349403693814
2016,Sesame,East,24.540905101595456,520.061178151533,62.720761867027754,135.81845713356046,5.608542370778747,0.662573622487303
2016,Sesame,West,25.55371788249488,947.0776713607686,71.2589821623373,147.95723269646055,5.641743401309747,0.6804203237981569
2016,Castor,North,20.458508496265438,869.6339543673038,69.15544328411353,117.90340294983574,6.250492817188101,1.4470279437877855
2016,Castor,South,23.272196403206657,710.8626727123975,68.80267940341993,123.41613750424203,6.094985339985336,1.7789949408764614
2016,Castor,East,28.14249074462797,639.7522610443243,63.83982584096199,120.84705231901201,6.271625043518579,1.33174374851539
2016,Castor,West,25.528314928092723,689.3333058376841,64.74366103455611,120.47568790839037,6.397085098736919,1.3299406636897768
2016,Linseed,North,23.976017283394526,830.1166232347222,60.15370779035827,144.86247300634943,6.846408492031619,0.9610027452565703
2016,Linseed,South,25.705077638588506,965.5767647334834,56.11530113047965,184.1380745101547,7.409275304012937,1.110388887193377
2016,Linseed,East,18.263242307304512,806.1382630102156,60.116704457980326,159.06328804938266,5.8374032856074916,0.9904004959638627
2016,Linseed,West,17.976271040635833,696.1694304932206,62.503424543578134,141.55462264521492,6.728367447969078,0.9047453992775341
2016,Sugarcane,North,27.067538923193183,445.558163473803,56.526306333016784,137.4934745853331,6.794140332517748,65.17295699804436
2016,Sugarcane,South,15.351828402228591,768.1087586249092,58.68180527460042,130.08008974301904,7.4010689490563335,71.76163911368329
2016,Sugarcane,East,25.106494622217824,832.3493869966786,58.03503181499292,148.07859524882363,6.717998222103857,58.62156489991169
2016,Sugarcane,West,25.503038232062664,910.183727334694,60.59707577814797,132.41608850657437,6.784617911582036,61.88123307031189
2016,Cotton,North,22.310689974155203,674.0644998592531,69.23255868138192,149.73459947793714,7.164475883122456,1.327214946855681
2016,Cotton,South,18.843255460933783,925.7793145967067,61.77296203225054,112.87034593250169,6.768486181955085,1.3311740233688019
2016,Cotton,East,23.24992340164785,831.8466842035618,61.54835484352092,96.99781962199563,6.168272823752346,1.2706259592121114
2016,Cotton,West,25.447911032573302,893.553519657019,75.79308084090744,176.45425234560253,5.713839728759643,1.3890488045490024
2016,Jute,North,28.78653189206527,784.4310184168028,52.85760725439681,162.4146047708902,6.822466766523732,2.5333775844175834
2016,Jute,South,22.37164415504401,725.2286865939475,74.54482938665814,146.4929241660658,6.174475501671684,2.598848778415659
2016,Jute,East,27.91733199375403,904.9068173609908,51.328190310561524,125.17165943199089,5.52840431234153,2.150264937105871
2016,Jute,West,23.582384485148005,524.7209907175846,56.01961527596467,151.28947723815926,5.755699473986934,2.4339700257823926
2016,Tobacco,North,21.079536629496165,993.9896310166041,76.83144750602044,152.56787436430525,5.955686376153001,1.791276817518711
2016,Tobacco,South,26.536674392223684,773.5323459940219,75.91460995336693,166.56340083496534,6.899426154308674,2.1261020676254394
2016,Tobacco,East,28.11272637190586,743.6312424776941,56.69557143110709,175.560898298204,5.830345999036895,1.800888245166272
2016,Tobacco,West,27.32049686363247,752.2229426691868,59.583088432955726,133.15196555842397,6.160588350936268,2.0505646455182545
2016,Tea,North,29.98289648006287,814.7887933362492,68.80045718151362,171.65536895393177,6.089731256139394,2.1915366133234992
2016,Tea,South,24.30238827516777,722.9090630517952,64.60936131253037,155.88639487777786,6.143324942789494,2.0308960347353384
2016,Tea,East,22.037760834096325,638.4785594716703,74.51434462631012,142.53075693587354,7.474335679260409,2.0246420900382396
2016,Tea,West,17.104544758458157,705.5726696388218,59.66697107457084,152.71958409634914,6.625377511581458,1.9581646182179349
2016,Coffee,North,26.305213585358626,849.3837240910347,72.95520033670864,143.312129058978,6.218323648560838,0.9211259405102022
2016,Coffee,South,25.74003368959827,918.399851743812,70.63468967883263,196.30100112034177,6.275904337309784,1.070660085415969
2016,Coffee,East,23.99265477413761,614.165776528058,48.45299427655174,152.23488197329033,6.5166233885533895,0.9332839127771932
2016,Coffee,West,28.891747600558162,432.645644240072,56.8405012951676,136.07013892653194,6.81964168538679,0.9338303204683324
2016,Rubber,North,28.28783075037384,669.4367017977011,52.818283921675956,157.35981897840517,6.98700507155815,1.8523327832903147
2016,Rubber,South,23.426133436491636,782.0609972989688,53.581294487413146,165.58754102301305,6.504324021527307,1.9152574303285081
2016,Rubber,East,24.999790435737612,941.1970018275539,67.67461643642802,142.750466139084,6.015510431256219,1.5337855220025398
2016,Rubber,West,18.361723039088982,806.3458947966421,59.79956898349248,140.25996921365171,6.537277381332025,1.658871945062173
2016,Black Pepper,North,20.83404023667338,900.3789833762711,60.5136442460802,136.79847217435656,5.751322291159165,0.7560741860041703
2016,Black Pepper,South,23.2090192347372,741.1534016181893,74.49353106082438,151.97182558095153,6.743925248261953,0.9820258411814863
2016,Black Pepper,East,29.15291690216332,698.8953924559581,55.9487551189197,172.18455910352833,6.875925680237418,0.5844619151350047
2016,Black Pepper,West,25.983674707224864,582.294210586917,74.97129040836603,159.60104939188858,7.470539976201803,0.8149745575922593
2016,Cardamom,North,22.281942133191034,756.6830738025916,67.66175463668151,116.67129978806977,7.350529283313929,0.5728249833482881
2016,Cardamom,South,21.312946190340444,658.2740809751997,72.18229529351828,182.9119702647642,6.042718070382274,0.5562200402236847
2016,Cardamom,East,28.692563452795163,634.8223904420103,82.61112569830348,98.44554738129634,7.490318820400242,0.6109441344898208
2016,Cardamom,West,18.70593545883672,687.0126972440014,64.2409139504554,156.84765001204556,6.794222521948189,0.4231037398822246
2016,Turmeric,North,25.26440581344107,757.0665796850658,64.884169130682,135.95410912025852,6.924058714108902,0.8311624118268893
2016,Turmeric,South,21.806714325959447,685.6062680564761,69.79560549057364,159.6427710132863,6.619766331153968,0.917528305892632
2016,Turmeric,East,27.043118788133565,898.1008172743636,63.16938155314687,151.10749153488194,6.019104497329977,0.8065090414915909
2016,Turmeric,West,27.196421003301896,876.5469327916556,62.032611910801585,105.36131752795382,6.797291318124126,0.870639866689539
2016,Ginger,North,27.06213567542566,838.8418820806978,64.77328123706832,114.46338282108687,7.083280144366126,1.3749879416369737
2016,Ginger,South,17.827814567395894,635.1569371716369,78.90717755239528,170.52307197774275,7.122030749864138,1.1263501202380113
2016,Ginger,East,26.12017367238017,629.0865874338815,78.71140640341595,155.0065467884127,7.177001980886292,0.8149772882879242
2016,Ginger,West,26.360327643278225,805.8993345466788,63.467542732254046,168.81748927689094,7.112033009206138,1.062915078899393
2016,Coriander,North,18.97853407590069,731.0132847423733,72.7404738855467,130.9086336643917,5.9105438816076035,1.0777070120690826
2016,Coriander,South,29.9949721002481,661.5873009449265,66.53511636017318,145.98600976245507,6.941328909015724,1.055534745506353
2016,Coriander,East,18.6894997248235,995.6050448485463,69.03824894591334,151.70301101784037,5.934448198302163,0.8359202222955154
2016,Coriander,West,31.262956061490144,701.421589250629,69.02237835620461,176.21212184261378,5.6685411183615315,0.8706983718828696
2016,Cumin,North,24.796989025052792,902.0725228004924,72.70002073562638,179.1398723786032,7.161844981643701,0.7135096853100585
2016,Cumin,South,21.897932573695257,747.9334818537598,69.47961141855478,178.3876631525798,6.240178560139942,1.1008566932531632
2016,Cumin,East,24.453572512988735,1014.8884539054926,51.55283933802807,137.5040100649584,7.239811867780642,0.8769618551090281
2016,Cumin,West,29.395631510444144,841.4375457898823,53.21944010248818,183.857188083625,7.052806644044207,0.8756645521537498
2016,Fennel,North,28.939354348938657,515.273807369067,59.79474702931044,141.83381092028472,6.445586690603166,0.993511255454551
2016,Fennel,South,24.11249062800863,627.1141312532839,69.85817292326159,123.37397490018466,7.327339194885439,0.9833292619101702
2016,Fennel,East,32.585703153894784,619.2117463974357,56.7650984800909,189.3784330271978,6.002615374284313,0.7822961704143141
2016,Fennel,West,21.947245668359873,903.2351338016482,70.09997185196191,166.75305897220187,7.21497050747244,0.936958457225105
2016,Mango,North,26.89046375940475,996.576556372227,60.3435093272559,159.97610351616316,5.63325599682075,8.206214392539168
2016,Mango,South,22.93382753042718,965.09592129099,64.54350966855075,153.53989466849708,6.207811334423634,9.088894663311372
2016,Mango,East,22.163070792061752,906.8534721637311,65.98755476628912,162.92376721407308,5.939998944473251,7.575932122391725
2016,Mango,West,24.27982703347441,799.9397758589351,58.83769315234812,149.4487049685785,7.3122181612940755,7.8672021755600126
2016,Banana,North,22.27696511106266,811.037839837531,63.944178863745684,164.37769552474427,5.934280808075344,25.066319481280456
2016,Banana,South,19.624441694806514,804.3760655919001,67.4200936747846,145.19681323459645,7.3786700314859734,27.78668525081027
2016,Banana,East,21.449759713818146,755.4359432312389,67.68043481529737,164.1197276476912,7.355620123295393,22.697205803885858
2016,Banana,West,20.7244077163474,992.8123022650283,48.693627761901794,162.0008423641339,6.708217802301695,23.947434521747876
2016,Apple,North,26.502992718811047,782.181508772864,67.40599213744636,169.189751923749,6.8444682996012105,10.08944911803497
2016,Apple,South,30.86760915422062,931.9982936122751,59.07780567192997,151.45389449625594,7.486452134561098,11.358646192332742
2016,Apple,East,23.30031094907321,1108.950737354881,63.60281643454697,184.00420327070032,7.307534522798213,9.255718120087616
2016,Apple,West,17.512877848652607,622.6997160950536,60.671801828831775,193.4028987473758,5.742929541814255,9.731087649341617
2016,Orange,North,27.661483469481283,898.9035854043738,75.51830793215214,177.90335721845304,7.004309784515332,12.312687985358371
2016,Orange,South,27.026573111006687,740.8520578847947,59.881688872083735,151.69407337122422,6.766057810815485,13.317058899364023
2016,Orange,East,20.292873966071372,852.0398730396713,75.81631492779461,202.48518801256273,6.81159255979944,10.947263833511593
2016,Orange,West,24.99017686283253,782.7373041949639,63.85697421766968,116.59854925303802,6.1960603054165055,11.70605416835372
2016,Grapes,North,24.249603987836128,775.972500819735,52.41889988186997,135.96048462043257,6.1051843053282315,15.2392138435264
2016,Grapes,South,21.81396312125833,804.3987494577574,65.35841965110352,181.59634599775302,5.945207273082476,16.62552125449809
2016,Grapes,East,27.256539988918796,527.4814447676113,60.0897655270322,204.53526613177746,6.612104848559921,13.570214324201551
2016,Grapes,West,25.07801610275819,812.3742247526047,58.273824880811,155.5157701076791,5.541021838640782,14.42090203303992
2016,Pomegranate,North,28.37754050200459,734.6947574417652,74.6738451777915,149.39283760824935,6.701479548900787,9.276156751865416
2016,Pomegranate,South,19.04474557962083,825.3254271120953,58.31900396822212,191.32282628076055,5.56371352505652,10.365171751164295
2016,Pomegranate,East,25.39973384506516,769.2150024288457,75.2228532402441,164.26218327158935,7.067850558283775,8.397278569314798
2016,Pomegranate,West,23.186154046468985,735.6446785461026,68.44818366408714,147.16093588023872,7.091163673084566,8.74904441169602
2016,Potato,North,22.67579343787373,713.292778716092,81.96794852676088,174.44618911635828,6.448651141100582,20.290629951528576
2016,Potato,South,26.409222832274295,643.2737647455892,78.48106800762056,176.21275600089615,6.423668869121217,22.2197876061438
2016,Potato,East,19.254727192274178,656.2579177254385,80.40500901969556,122.4187323632415,6.955186686609487,18.164199846207058
2016,Potato,West,28.95614118578088,994.0939109132737,54.48181239424437,179.9569009161159,7.249403968653424,19.202653043814937
2016,Tomato,North,24.39298327938974,750.9279970765522,65.13935467483887,139.59445058884657,6.859957097301523,25.20705449987926
2016,Tomato,South,20.43967723979587,897.2085650626065,57.270584015957255,116.64796747937817,7.202221651695109,27.786480909397017
2016,Tomato,East,28.53303083631095,765.9382283050521,75.60338812555008,170.97712106068715,6.456194037636443,22.800546340552504
2016,Tomato,West,27.053053018293213,804.3316496626933,57.06778367116294,152.63196559774195,6.745031736825432,23.96865760586828
2016,Onion,North,26.30481116253423,497.593483660676,56.77624258457113,125.32257698869431,5.976575552896136,16.168700635023917
2016,Onion,South,29.748230665700824,690.5350183161751,69.53209543552951,152.26977257417767,6.1612016199400035,17.647640912283293
2016,Onion,East,24.751906764944803,943.3134241555412,57.29228215756248,104.47506368211937,5.533842686929886,14.469894596192018
2016,Onion,West,24.539314452082632,488.26185747612703,62.862900112465965,161.00884984694784,7.46832991896643,15.354858356681087
2016,Brinjal,North,26.981262807823935,756.1603605126566,68.01635818830349,143.68389337025,5.868530152341488,18.145764669819286
2016,Brinjal,South,20.392733076482894,945.2407126376595,74.79511429442323,149.07777617327739,6.295906112402667,19.972343763527615
2016,Brinjal,East,25.558276760392577,504.2710590391318,67.85576077916214,148.74000123502444,5.677265949499161,16.390145941253802
2016,Brinjal,West,25.456297912546447,712.1594145382555,73.5021567962304,101.82659279386114,6.249462045071519,17.163582482902992
2016,Cabbage,North,22.333420905892975,754.3540285376406,61.37891787827341,154.30840015509074,6.8151366115692245,22.23467925640652
2016,Cabbage,South,27.920111607487513,838.6975586628153,64.88821417219141,141.66284297575763,5.590973082944549,24.53399441208773
2016,Cabbage,East,24.39243100759275,803.0949696895495,66.69244881837078,139.53507255337684,5.5071550892000625,19.900479407146914
2016,Cabbage,West,30.4598157019575,792.2698809784637,63.2883565664996,104.691032339322,5.94698862851168,21.35425879498397
2016,Cauliflower,North,22.274492465463428,865.7309236755348,59.90640988819575,169.42889686092076,6.3449575011228205,15.26161383654379
2016,Cauliflower,South,19.51971401801928,869.1680682752055,78.3171345757302,156.5938896205644,5.8328285686218795,16.67514826386561
2016,Cauliflower,East,22.93414585431262,892.6855216928133,59.272400260852024,173.5518985274875,6.3048902768871855,13.807522525853447
2016,Cauliflower,West,22.486827474922123,703.4335198392581,42.63930347246465,150.96755736893908,6.475196876099122,14.52921503205816
2017,Wheat,North,32.237576910819406,968.0819667584939,63.5907155263625,189.38044769461067,6.134708167200513,3.1497555897099994
2017,Wheat,South,28.635849806463252,929.5110821587258,59.52607333247657,134.7522425343146,7.0548912565068225,3.3137337734069883
2017,Wheat,East,20.348253111398485,681.7016059452166,61.233959207001746,178.02970356424763,6.703097012759413,2.5527581946738067
2017,Wheat,West,26.837119749377763,643.438649492194,66.81309133985678,156.30922091968387,6.765998887693856,2.752219900937408
2017,Rice,North,26.224901445713694,999.093102518504,62.49017021552122,143.50868979263265,7.451209937178224,3.7095484701399095
2017,Rice,South,27.99465296791519,956.1739385052759,64.6597283680995,138.95902975808153,6.2999242491678755,4.169767999244122
2017,Rice,East,28.663057330599777,669.1963337041255,65.6976888550887,159.41344948116966,6.2988033174822675,3.222118379744579
2017,Rice,West,29.934742629185873,950.4331953139022,52.5245137669902,123.05698135520996,7.087434851570425,3.5464396616165397
2017,Maize,North,20.950300871666936,971.1406151486186,60.94692132969664,155.99681880711813,6.336528161805152,2.5666669585465463
2017,Maize,South,25.75189502302439,1120.4683031544414,63.896312619341415,133.5388490369571,6.1922219741882305,2.865578206935896
2017,Maize,East,24.961006704842237,926.8722365817133,70.09985283869054,141.67726675033302,7.498729864385357,2.5409209886198973
2017,Maize,West,29.558532810283022,354.3470134739209,65.41593625739715,182.60166158372093,7.019123667827817,2.464360365328689
2017,Barley,North,29.7422314926721,694.7748593788896,69.51807354659543,153.6017145336104,5.596543773915963,2.4623166633511318
2017,Barley,South,23.91837162379748,824.7643633030943,75.70873710636485,132.37223699585098,5.540472465279901,2.4901997996238605
2017,Barley,East,27.148992952864845,1395.7658871736096,80.35695703038019,154.94818872747416,7.384284964560809,2.1508576729700106
2017,Barley,West,23.122448401866688,907.158848865509,68.15303116713687,160.09941912638664,6.370872257804071,2.212855739158227
2017,Sorghum,North,26.43242945617476,838.7574069230413,58.2524713867462,171.09236040881635,6.329396236610256,2.0178219160303263
2017,Sorghum,South,22.76008730193878,915.5005649000495,68.36379729388146,121.51597600983249,5.5511579663903365,2.210393609504193
2017,Sorghum,East,28.31247604761329,1059.7716237228335,56.00897275899525,159.45115651069707,6.557259675073238,1.6504355090572973
2017,Sorghum,West,29.20823626813463,750.438268064991,70.19948440342775,151.36163862075472,5.6242515414401915,1.8282634023535682
2017,Pearl Millet,North,27.320442500156577,1002.9086316286558,79.73600119627544,152.784771337624,6.047005731659414,1.7139442524437494
2017,Pearl Millet,South,23.92873215687645,1012.4681210278213,70.66755096588389,119.54908796619726,6.615605362418294,1.740564203083156
2017,Pearl Millet,East,25.877326124872397,930.83930736163,71.2616315088148,159.3712019583205,6.364542575576337,1.6597462940472925
2017,Pearl Millet,West,25.560106071863373,1132.5669083083421,61.429721454752645,177.91585339190357,6.2963098891695495,1.636032266278201
2017,Finger Millet,North,25.91150748360865,748.8815125240624,59.87068056482519,143.3733750777855,6.625308239342618,1.3023338981895007
2017,Finger Millet,South,26.846648209570084,674.7884313543005,55.62812729161752,179.25486858403283,6.489179556019628,1.704649149630276
2017,Finger Millet,East,23.440638435887042,649.2718630279322,76.54640008103831,103.25181762379793,6.666772464655496,1.2648216510847292
2017,Finger Millet,West,31.988794341569513,554.6605516870746,71.30493946763029,150.8453205598702,7.494454409258264,1.395813057945989
2017,Chickpea,North,30.911594597397624,1090.6750331478868,66.20108523164963,167.8120441108451,6.760014270893047,1.251077953397112
2017,Chickpea,South,25.432585148099673,792.1604346730594,51.39056386207697,173.19272208903263,6.074263674374286,1.4724426013536855
2017,Chickpea,East,21.66041458377676,666.2204232070239,55.07571336637011,147.91020324787812,6.142043052548933,1.2067214024827349
2017,Chickpea,West,24.082256537020086,945.8954310530036,75.27283756143117,112.31935449040154,7.219457567004465,1.180951398671355
2017,Pigeon Pea,North,26.311339023762198,1145.564865765559,65.75639881858285,133.5770838281031,5.921263444548602,1.0841916830995826
2017,Pigeon Pea,South,26.1943234030385,640.9671918295285,61.51278824727654,171.9386888362855,6.996637602244982,1.2473392367993188
2017,Pigeon Pea,East,27.323956550058092,1026.6950442101866,66.44833200916833,147.43885059664836,6.688242932998376,0.9497782392760455
2017,Pigeon Pea,West,28.818745705315486,778.4794052225774,56.478751887237124,170.67755954408352,7.30555209552909,0.9005782335676663
2017,Green Gram,North,25.30536500112198,901.5300513524649,53.33766889588121,153.14903537196597,6.549376824186955,1.1617915217166885
2017,Green Gram,South,24.111020801986538,1025.0163197210318,55.747902372753096,161.63155174698272,7.364204730914443,1.190529084318419
2017,Green Gram,East,29.85359965520374,977.4017860021526,72.40225514173466,154.2162841902549,6.450395438913899,0.9387968561009908
2017,Green Gram,West,27.54631809617198,961.4766573442006,62.495226712087465,213.38439370098752,5.86163695800479,0.9409497259584352
2017,Black Gram,North,17.783928113062565,903.0552584036994,55.74870684981697,213.53352580076313,5.595935117158952,0.8841304581564311
2017,Black Gram,South,26.019233120079665,1148.272943494384,57.447207279307335,144.86645640696312,6.326946528243937,0.9760060287177648
2017,Black Gram,East,18.01616375380395,810.8897142961886,61.793367941736435,189.61463161926736,6.910567248078625,0.8630981308187886
2017,Black Gram,West,25.27050214978985,950.6234793636918,64.73996885553848,170.7624533496488,6.37889644658584,0.7677888636975259
2017,Lentil,North,21.799156186391194,559.1395599491317,61.26666458385649,171.13053406928358,7.48378696628529,1.16323072185362
2017,Lentil,South,21.288592946035344,1134.1703687261709,63.629733404286505,121.3852681165056,6.386151865866898,1.1570831413053717
2017,Lentil,East,27.56422007097532,716.4936429794956,74.49592095674095,127.37870648998498,5.68781992966206,0.873484648912081
2017,Lentil,West,26.34591499517678,710.9733264760192,60.00132305252414,122.46783775400431,6.518006890965236,1.113393965442985
2017,Kidney Bean,North,26.012837777665556,960.581109077042,69.1370836528357,131.309947646894,6.548898788944504,1.0027421317373957
2017,Kidney Bean,South,24.08240290539563,683.8811873219283,67.47231942139118,160.32055197557045,6.464187037589428,1.1366767931416248
2017,Kidney Bean,East,21.543921715122565,914.4777148837346,61.26854870110982,139.376829111076,7.05432239241119,0.9126280021671082
2017,Kidney Bean,West,18.34538773709562,792.0273048637058,68.09067759292677,107.13394996282776,6.945294404122137,0.9594237670954257
2017,Groundnut,North,26.49875933929846,704.2759455835437,64.90773887044215,104.28092942111766,5.590119163839451,1.6139858548808692
2017,Groundnut,South,20.367872646259876,568.0373502639892,73.51336561872836,212.63622263392233,6.444924227829781,1.8189758579427084
2017,Groundnut,East,25.223657420430904,1135.6651578850983,73.38563174140221,129.04558794171172,7.088325417675219,1.6055963490252942
2017,Groundnut,West,27.014731675690662,1076.774977388509,55.77223959495033,117.84732629965222,7.294965769590849,1.6743483507621364
2017,Mustard,North,23.085016338450785,1033.4913550244269,73.26903362223129,136.96659643832118,5.761396507496626,1.5492820701401775
2017,Mustard,South,21.95201370649591,1010.743081348635,75.89146153023081,167.95625668760476,7.394338383411519,1.4843153170023022
2017,Mustard,East,32.13226482927706,1017.4561399560273,57.944313885862606,113.93213034993218,7.052782737305452,1.5932105460048136
2017,Mustard,West,28.417814197591305,644.7275406108729,58.874213813578365,124.44755531233473,6.94449715616852,1.557063497468303
2017,Soybean,North,27.761892143750547,1048.8357340733367,57.80093906363443,144.73628750654916,7.133241008184273,2.008806776683422
2017,Soybean,South,29.480228744189503,604.2009920925152,66.11233181690709,142.08231389314327,6.010856562092181,2.102162179304614
2017,Soybean,East,28.580944174091258,853.7674590146657,49.115360051835246,182.64719235750437,7.043928868699767,1.789887227565883
2017,Soybean,West,23.589360464404812,1285.2248510958389,74.82164306340634,179.36124832470517,7.458206788504547,2.011657151996981
2017,Sunflower,North,24.82295243166784,1148.5045305438061,74.84368038207981,163.18702082569325,6.061180431948738,1.5754242498830036
2017,Sunflower,South,28.442043792661185,516.4650408602919,75.7594742086209,124.70310053684535,6.845835648573953,1.5271591949733556
2017,Sunflower,East,28.86669551883596,808.6203485917243,46.95366935124202,160.77524230325193,5.631684329017309,1.3722269916425112
2017,Sunflower,West,30.415268051373673,810.0503278920187,69.45499777894517,196.60121326029395,5.700463756352573,1.1254036653374129
2017,Sesame,North,22.457042401957036,952.2136842634948,48.037290070154214,181.20940910495463,5.921158381009887,0.9453209673136754
2017,Sesame,South,24.597398164003828,782.8201885856183,73.38493407415324,123.28698114793903,5.6323374434503615,0.916651937732996
2017,Sesame,East,21.776818948194144,802.808773887655,69.77318323787611,176.67236546618142,6.576388743368806,0.7165338724309007
2017,Sesame,West,27.396576977665777,922.381888603604,56.95882996252682,143.37553341193896,7.113798695839378,0.6375198836811604
2017,Castor,North,23.93745203785171,715.9029568282148,84.70845545705808,147.2773376215417,6.0498166749644815,1.568149136482866
2017,Castor,South,29.753483125471178,850.8259791784301,62.76150216016292,127.2430732092062,7.34641767174438,1.6268748597247658
2017,Castor,East,21.19932280966829,960.9842339272565,51.783597859154696,194.15291711624033,7.438510927439362,1.360278869437549
2017,Castor,West,23.158518943918807,829.5372852924704,64.95535761786562,130.5772767776907,7.431988989114925,1.3161237064692513
2017,Linseed,North,23.562389877411352,1020.7670886624793,69.07436258913606,134.5982196165919,5.94682508985925,0.9704808975311724
2017,Linseed,South,28.158306818834756,1041.1472443691025,62.36963665944441,123.26486163062847,6.988341994365638,1.2786654909597188
2017,Linseed,East,21.616302723902894,785.6447308404562,79.7202929848134,172.46373750853041,5.889238508649131,0.9495575759474645
2017,Linseed,West,26.58677681883622,797.1775049662059,70.81204851519539,124.31358272273451,7.017547124507876,1.0295053620503938
2017,Sugarcane,North,19.640190781906902,939.9355224297037,57.14384402231276,132.83169011081623,5.57556593612919,65.31339671553418
2017,Sugarcane,South,30.82111604343357,704.9851024560824,69.29317262776743,178.78698985509604,7.010161324243359,71.7550243022685
2017,Sugarcane,East,27.347934474848092,1115.3437084497855,75.20099523728915,211.8489695104179,5.775797643460668,58.52704555553862
2017,Sugarcane,West,29.493633309599268,672.4129020130366,66.12341756489428,159.6048177502518,7.487270896985883,62.01555187220714
2017,Cotton,North,24.407742467447076,802.9198956509522,69.08428302760989,155.0434663699011,6.295757174954737,1.4057910184757316
2017,Cotton,South,27.4699764969453,765.6956297613804,66.68323771177056,146.9759526952522,5.686907825337756,1.6724557157762918
2017,Cotton,East,22.708691178156,1152.313865229851,71.78638543443894,166.20631640814673,7.390379522254014,1.129012601265601
2017,Cotton,West,28.91456099654572,763.1188540283605,62.146326094588694,148.49371580339567,6.122333929542871,1.3940062676420795
2017,Jute,North,27.6657234188366,843.770048154992,73.86176876785959,164.16505370981812,7.4764069854539486,2.507688425513992
2017,Jute,South,21.94888312390205,740.366827154864,54.12236358935351,142.67682649849644,6.043930215556165,2.5878266690816347
2017,Jute,East,19.43976018346514,955.513991223201,65.94412771286325,97.51070893549227,6.564695455909257,2.196083945542059
2017,Jute,West,26.30037450538082,842.4820282499962,69.15333400725557,191.08810021983732,5.933886450814672,2.3095221994534967
2017,Tobacco,North,23.957204975454843,387.04027207683066,58.98923624317304,188.00229352477754,7.3098590339636305,1.8249862806326678
2017,Tobacco,South,29.306134267513418,836.6830543938485,62.82058479255303,101.13517488791811,6.900375121660913,2.1645127293390156
2017,Tobacco,East,28.63970748858677,975.7804358004703,63.9342019796138,139.71292386892594,7.438634406538673,1.7227355305395067
2017,Tobacco,West,21.891527678587128,558.4956269658286,67.29066663893607,181.28126491311716,5.918972445439199,2.0295913440421183
2017,Tea,North,22.8069870578625,779.7975338718504,68.4123870361438,138.93604495496663,6.306520842444974,2.3422641631919343
2017,Tea,South,23.12287363768442,797.6751523785784,74.13765914308446,178.93111369327562,7.051309270652067,2.399791861709466
2017,Tea,East,22.039145464822703,662.6788556544269,63.73946753959743,164.73320117686055,6.393972580282836,2.051455973676853
2017,Tea,West,21.32642021961113,794.1187909468171,67.21098978474681,144.53970160068724,5.668584376874827,2.061908610849253
2017,Coffee,North,19.918481124944293,908.4476780365077,72.21348097713343,140.46823234920834,7.208535385315061,1.0051017398805575
2017,Coffee,South,26.17248012031063,1043.0948560615784,62.57797704030587,158.76438644031361,5.859267652744282,1.0821046890290962
2017,Coffee,East,30.768592318241048,1042.42061216574,72.50091874807678,137.73019935945985,7.023610509909905,0.9349159371743675
2017,Coffee,West,20.95781017728671,659.7498958583499,79.61386642186869,118.62601572990832,6.177482525906964,0.9992880980524423
2017,Rubber,North,29.12394809677766,1068.721643333277,67.50292521192729,151.6434415011822,6.784258293728521,1.8751404460043266
2017,Rubber,South,29.589263358015742,894.9466534651145,59.80801183621474,172.09016964985423,6.715247151767878,1.7183745606085914
2017,Rubber,East,21.795524955177534,776.715739317979,55.56377931085363,161.60846636594064,6.638087299991333,1.603946965929108
2017,Rubber,West,29.112356365043418,1230.718904750941,66.94519817290892,163.8618210963667,7.475950641954741,1.6782212029040593
2017,Black Pepper,North,22.931124959366347,823.678524185772,60.88906862775622,170.8716662223987,5.613802960995243,0.6887587991072412
2017,Black Pepper,South,23.146564251320935,737.6002300124583,64.22237063792176,185.39780905049562,7.330352674373195,0.7106978171650901
2017,Black Pepper,East,18.190349460157712,562.4410381622814,54.87843942373846,190.67791404180642,6.0967610271229375,0.7182935292257699
2017,Black Pepper,West,24.403155850928723,859.6808053690381,54.07108735253052,176.44901784596982,6.424988548024876,0.671614810748091
2017,Cardamom,North,20.205434814148205,730.4818724726546,50.9053280837482,174.83035318715224,6.836730453180866,0.42622009542431627
2017,Cardamom,South,19.760129771840596,645.8114403711033,53.91161167531541,154.39272356511418,6.9357357022625274,0.6752528040521852
2017,Cardamom,East,24.016274486841098,832.0338489097628,73.65748776931464,138.9870179594143,6.29966491870041,0.26815151227559686
2017,Cardamom,West,26.70707801658229,937.3367858349383,67.43593761344115,123.56213324266422,7.365363804721005,0.5330571175318937
2017,Turmeric,North,22.948942854912744,779.0420507081537,70.85795349511646,179.3002685345127,5.9916766753610355,0.8801859734607461
2017,Turmeric,South,30.21048544366284,1045.8467643988129,68.18339877372266,130.1708235280913,5.99062099597196,1.0846599179379228
2017,Turmeric,East,26.330922956200794,897.6437696262429,60.94908744737466,153.22004980302367,6.725444103883514,0.8311911585284025
2017,Turmeric,West,24.49611889106034,1121.6448410538185,68.14214690440899,122.8062831161583,6.828688582929429,0.8420698244604408
2017,Ginger,North,23.999568249719385,625.5518481103786,71.87199541325633,183.2238067437854,6.064732135104114,1.124994721273317
2017,Ginger,South,26.638749857940304,1077.5002451280186,64.01124464346094,127.63644052182113,5.6171254210409565,1.3235643455849204
2017,Ginger,East,27.518910317832493,823.3436525510591,57.091767937072795,206.02316390514483,6.212357068656842,1.0007440391568907
2017,Ginger,West,26.71511767910895,693.976249359887,68.06079967462982,136.3952370338497,6.87770372460133,1.1147185114001268
2017,Coriander,North,24.333041518366873,946.5662148547183,55.28579916274131,146.72996950525322,6.680624020981523,1.0313645844041788
2017,Coriander,South,25.56984550376817,788.8597246173395,56.00047982492013,141.6560348627341,7.403207124999576,1.1983364150604852
2017,Coriander,East,23.770349771974168,816.0364953342012,78.67648450313796,123.31669442538023,5.537744509181211,0.9271187216403814
2017,Coriander,West,25.757086825092518,937.8726744845316,76.94362098203062,140.2243833283606,7.016911494618253,1.0893903663445679
2017,Cumin,North,22.993292940895664,745.6065585819778,65.94998576031779,128.84756996651097,6.007761692248064,0.7621312004372406
2017,Cumin,South,23.587908874599496,835.4337416551214,59.33432801957185,139.71470215787667,5.881508659486528,0.8060377660255115
2017,Cumin,East,26.061430554318875,956.6899204580443,62.33476534338163,116.41933380129203,7.01098931402843,0.862997360261118
2017,Cumin,West,25.67552173878444,638.9409338340629,56.39674566308926,117.17766914709301,7.461686736447797,0.9508492211679284
2017,Fennel,North,28.731625121713783,601.6054482368555,74.33774186643498,189.7111794060028,7.075729439171088,0.98233680286322
2017,Fennel,South,24.659802141224656,792.4281195541315,51.48465608415807,179.92216909791404,5.606697989099722,0.9589951690056063
2017,Fennel,East,28.14482828417336,1016.2736405016742,66.58636826971563,217.19940609518525,6.297282670392768,0.7896472907347177
2017,Fennel,West,22.069162781854352,823.3370818119853,58.02160142351593,161.7059402424222,6.251411610760541,0.8334959311192858
2017,Mango,North,27.56589324470394,1109.6161944418789,58.71189214512741,171.21377229287026,6.392524503619797,8.148689155664124
2017,Mango,South,23.696282254167325,1124.342900556448,71.59862673501186,129.3841109024035,6.159938627889387,8.787398855547414
2017,Mango,East,22.094569678769606,892.8086703420329,65.26418645754427,183.67353110972488,6.491680062208048,7.316745903972824
2017,Mango,West,29.906235326373736,987.2196019055602,81.54748272416863,133.16853863025827,7.016147002841598,7.947996567981522
2017,Banana,North,28.495640240541025,791.6225837703778,62.843935306193195,151.72874540341368,6.299012950521129,25.024325236368643
2017,Banana,South,22.929171300288385,673.8843973699115,66.52507953851465,103.00106318640289,6.284903769737015,27.783550328517155
2017,Banana,East,23.94550461139526,826.7871609844119,68.20513310671869,130.29809365240823,5.924741310604995,22.836502876473624
2017,Banana,West,21.267793423311684,697.8399614606797,66.51075183986818,110.76148134174858,5.64200215901078,23.887120270386376
2017,Apple,North,27.950765721844576,869.6095368382065,56.47453841744347,107.90668580964879,7.022221176970516,10.269808383091352
2017,Apple,South,26.915495189542984,792.2232541956622,57.79871013192158,149.70308950746877,5.7232748906423705,11.277683667550114
2017,Apple,East,28.600792783023238,789.8467666354518,67.72705327569248,168.59289550999532,6.181832818384181,9.28838093756126
2017,Apple,West,25.466534811290682,849.8621176996639,70.24169173023124,209.5011362204832,5.507073247406449,9.69403273653914
2017,Orange,North,22.42224768664042,948.3560396766455,70.86543453938046,184.45356701244032,6.251297470986001,12.24212404901931
2017,Orange,South,20.77018469792331,1108.1094705226624,59.070514268399876,185.24700429045077,6.925084018265994,13.422348368788006
2017,Orange,East,22.655617767539283,665.3313209215071,66.5911036428455,180.30650144463533,6.87993802428345,11.074495742989303
2017,Orange,West,24.029455159646627,1115.4349388861008,67.52687189246834,135.07987735367257,5.703936737925847,11.398644565442435
2017,Grapes,North,24.79260118089656,727.5553940300584,61.18364747393942,152.94371436157613,5.743532755199131,15.218283286245155
2017,Grapes,South,30.222493734578784,985.7625137295563,69.78524197971765,173.95979879042784,6.6296255621723645,16.89527362990878
2017,Grapes,East,27.73229533050716,896.3449296240665,55.12286781314329,118.77992168775793,5.745679957714208,13.650742016197928
2017,Grapes,West,20.663585814189833,701.3727915327362,64.91405962679364,129.39666290820693,6.387291293206958,14.527779144033824
2017,Pomegranate,North,26.25613737801633,775.8337163777201,65.79055376943667,165.3948337052841,6.11112612204286,9.34641586311636
2017,Pomegranate,South,12.8378497457193,902.565063672586,69.59013687921521,184.94610767578746,6.328401108609286,10.249685412695584
2017,Pomegranate,East,22.089536721504693,1171.3645389333071,63.16615197750264,99.82674177546912,7.123427195441668,8.206532706153506
2017,Pomegranate,West,27.666795718705785,801.0565171556618,61.6596314699633,121.16331997034712,7.172946383331943,8.887757059877755
2017,Potato,North,26.772839337729952,767.2839944121902,66.85253095544718,156.21711498440814,7.0979298050674915,20.076307729154642
2017,Potato,South,25.208417246144304,825.1950841490428,64.47110084838394,107.2693400199351,5.630385604369382,22.261743159513326
2017,Potato,East,18.583033319158787,821.1453954647803,61.81683429186229,144.85619398900835,5.790178893278276,18.218229200695763
2017,Potato,West,25.403733363983147,855.6068505407123,75.59463547569197,148.3035819790482,6.552797591730547,19.162653242884456
2017,Tomato,North,19.47479275742276,1009.2524789200539,73.42037848587799,103.9265773438081,5.647926374541912,25.25252178436805
2017,Tomato,South,25.38916914605012,1066.3541883683636,63.49730240307945,168.0593826204824,7.283609772170204,27.472398958405932
2017,Tomato,East,22.793270070827027,826.7221165122095,57.7987181770107,139.66378241320513,5.965944424156078,22.615776688236302
2017,Tomato,West,19.90398303100288,554.8210699656632,73.64260432720353,165.77861773212138,6.0644571922362225,23.866082932919884
2017,Onion,North,22.46877232847352,875.7694773001059,64.04029496906165,127.29507730580889,6.968008701199209,16.14432888978728
2017,Onion,South,22.509533335066955,608.6939988128624,84.76997635928984,150.91741645578097,6.8222358546910495,17.852991868986987
2017,Onion,East,21.732220171478016,605.5509750787721,64.18091497899665,145.48907573450907,5.893623498920614,14.581246706178206
2017,Onion,West,23.97408202334117,639.7752300611046,61.696622839915754,131.8203779336783,6.890814297178611,15.372996674034708
2017,Brinjal,North,22.492389233145083,677.3787197283679,71.48037693920043,169.6660734786541,5.61985329646091,18.248359295045194
2017,Brinjal,South,25.584246497956485,703.3953635504496,70.38778236926585,143.82704181276364,6.398702633459092,19.806798817723216
2017,Brinjal,East,25.60032399555384,1086.69896871221,77.34861775086065,144.06030215678587,6.683316131047341,16.409443375337283
2017,Brinjal,West,24.829828018802846,1098.662422571717,61.579108819232054,166.97212024131122,7.235288065823999,17.30113560144742
2017,Cabbage,North,23.15235805623106,812.8931449393342,80.52964806612738,152.3094787348017,5.723600742467874,22.042082588112514
2017,Cabbage,South,28.221271150196497,1168.097830332379,59.88878952011043,165.24322445363475,7.411723360749476,24.45392675335276
2017,Cabbage,East,29.299638924933586,863.5507912886701,58.9215829440978,132.24961392771118,7.473593188359794,19.912262334444485
2017,Cabbage,West,21.843428886669166,919.897342939331,71.77471956375332,163.3586803363446,6.9297119484008185,20.920840133532167
2017,Cauliflower,North,25.673870635366484,1047.7069357526861,71.60212663747954,180.91218453741595,5.95687259199575,15.313164268970619
2017,Cauliflower,South,24.23729461433398,946.4709889047973,77.52063357783952,189.23251663820358,5.63585162873261,16.68506267512102
2017,Cauliflower,East,24.853057307550127,1005.6071011973428,70.73617082610434,157.57218801716107,6.655899481695686,13.5677854749877
2017,Cauliflower,West,27.298848479538936,774.9029697618714,59.93245092183296,218.07794969066077,5.943186860878894,14.496539472109834
2018,Wheat,North,22.607685648789705,1056.2745519024572,71.59939108140796,154.36281240459815,5.876976099877277,2.869809465053506
2018,Wheat,South,27.78055505917736,961.4318844743395,62.284834556551104,164.81060907427894,6.42361306803924,3.122992743944211
2018,Wheat,East,24.77781133520525,942.3095605047897,63.41380226628543,153.39332606467755,5.84531480219518,2.6138950356695814
2018,Wheat,West,24.514698156502995,1032.5695467117769,44.52334597479604,183.3282108160748,5.56113673469526,2.6168968001903563
2018,Rice,North,26.458795249613946,975.0313719145878,67.59825275288091,161.99849352870697,6.6269409476257035,3.6099492216659743
2018,Rice,South,23.88801385869084,987.9998556137538,70.98036900629168,140.1238286957608,5.662558209681776,3.9953387741004724
2018,Rice,East,25.136887989963594,851.1554720545677,62.020227020879226,194.1932953090982,6.44832034903625,3.194805452456204
2018,Rice,West,26.893749466180832,1193.877899058205,56.698361423724194,149.23359736618906,5.933373287410785,3.5316637853335457
2018,Maize,North,21.2302538112502,933.7172361792831,64.43861107024767,163.86748346271216,6.789029648869593,2.432917019114588
2018,Maize,South,30.357000697620315,878.7797277738839,56.460528536316005,118.52337721379517,5.634056158075046,2.7507589583881322
2018,Maize,East,25.937729726006694,985.4445388767604,73.58115533725795,181.5552993223227,6.55349099160988,2.3228760246832545
2018,Maize,West,24.495354727885548,1006.7830871097493,70.67149160854973,83.98035911061488,5.522056168537801,2.392006932791307
2018,Barley,North,23.509923619247807,994.8374320038499,67.70260732745591,158.94819249962205,5.961880718441467,2.372745133159876
2018,Barley,South,21.819946625531383,1020.3500644828,61.60929028879329,162.1555358065667,6.986758329951232,2.8094654524369846
2018,Barley,East,24.699483459193374,1037.5246519023897,55.416336301274704,139.33571867923567,7.084444694487857,1.995074439924566
2018,Barley,West,24.476860877788297,841.5465860508085,68.41435304498805,135.0889849616952,7.0027435410710055,2.112076619476676
2018,Sorghum,North,23.690650826841253,806.8044260408997,67.95373929022142,107.27008684541616,6.943706321066225,1.9119974803160071
2018,Sorghum,South,24.25031879256386,804.3202137742135,72.33544987249114,156.41256091198622,6.2202633755477486,2.0346231394014924
2018,Sorghum,East,27.772781581871563,706.2899427423181,49.167850452082305,200.6704279010598,7.255516684385466,1.6869682834820712
2018,Sorghum,West,23.67199761807029,1010.2446859679161,55.985362080262036,142.1437344800031,7.183076935382674,1.893809126284802
2018,Pearl Millet,North,17.129879503465993,653.8478483805553,64.48069813803983,171.0628277059049,6.050080517881467,1.5040052529764203
2018,Pearl Millet,South,23.23873863966968,955.7388566077854,64.43662321376503,134.32942105372078,5.53819855968343,1.9363713406990182
2018,Pearl Millet,East,26.513734168562973,1014.3966619942757,61.94695123669431,168.5031416026311,7.377177716354593,1.5406547849549872
2018,Pearl Millet,West,23.063221220023895,1070.9116534012235,72.61425328258899,186.44244588283124,5.7305825197672,1.5334374820747874
2018,Finger Millet,North,24.311508203976842,826.1414194924813,59.75675168316314,154.76581489078026,7.173421441166923,1.4445848356525404
2018,Finger Millet,South,21.421010878350604,778.1837399369846,72.38196495038127,202.12457733871628,5.552513637619812,1.4452113442071655
2018,Finger Millet,East,29.456977365542315,725.0493394134171,47.98533209760588,150.79054934775618,7.014023735494721,1.265033529088529
2018,Finger Millet,West,27.36470246313795,975.3885824303073,61.518014423958654,114.77598133019902,6.747015619912444,1.262285619369937
2018,Chickpea,North,30.006807817855538,810.8941238914556,65.55142933631488,142.57305940084302,6.961344024479752,1.1636803509546885
2018,Chickpea,South,24.22921290304565,1034.7799506597298,65.43869553003205,151.90942541525175,6.307178941530295,1.5167606782678535
2018,Chickpea,East,22.818415599733164,798.8722355820795,69.7575882398465,152.11824846250346,7.085987302785023,1.247422944553054
2018,Chickpea,West,29.972132539872256,882.4903974126464,64.56417345725073,181.97189893132713,6.773915236041599,0.946448339858024
2018,Pigeon Pea,North,18.478142981466714,798.8883997883072,72.83407795429571,143.758611544527,5.87871245536133,0.9594425298628463
2018,Pigeon Pea,South,25.126039688660423,1183.7517458481018,74.52423714974141,144.98286954061675,6.7548780153643015,1.0568270779928624
2018,Pigeon Pea,East,30.99347837508139,1073.5005295901537,70.84901324008891,183.4333220028606,7.045069592253263,1.0058632140502362
2018,Pigeon Pea,West,20.45448820046494,802.3539898456102,61.38041435373114,159.3041690591527,6.8187981598107426,1.0054962516196027
2018,Green Gram,North,18.423012772139472,780.7435675625915,63.62844780418378,125.86648651183204,6.873912138455582,0.9783466161958739
2018,Green Gram,South,25.605710285653988,666.586986351231,62.58736153767116,158.2161006451202,6.035023714707734,0.928223431717715
2018,Green Gram,East,26.845411685440677,745.7808197853483,74.48692658346049,143.36992485899228,7.25527774317555,0.8911054449517225
2018,Green Gram,West,21.34875803850581,848.868477666037,67.69607840719192,207.00650575747318,6.045062338080413,0.7864515591655141
2018,Black Gram,North,25.276194425449827,823.7987869012879,61.13366318150182,165.01091444064605,5.571210453033018,0.8476580541551884
2018,Black Gram,South,26.6728323780672,956.6258872935703,65.82705596969676,125.33898752251883,6.447566724615644,0.9381944014885176
2018,Black Gram,East,22.40118598290896,889.5061693707602,70.79270139957234,171.31513973451473,6.880413330041604,0.78979527097294
2018,Black Gram,West,26.58526701203082,1032.90402862812,78.45827276898572,145.40423549199696,5.807948702331368,0.69305734531453
2018,Lentil,North,31.39932717356574,646.853000960481,70.9552275870441,134.436341287207,6.7240992428963064,0.8296107534936403
2018,Lentil,South,23.768703111153002,1023.6487005501036,62.505715413951805,181.3086590574502,5.5759956746094845,1.2263537354235614
2018,Lentil,East,25.935155199778023,1284.7800920799316,69.55807135763344,141.89557847398396,6.599976831731906,0.835810830407172
2018,Lentil,West,26.559040049505057,913.8854071310674,70.1349662194322,170.19516146363267,7.438945640854376,0.9474562620755428
2018,Kidney Bean,North,19.05343750738497,880.8647320790608,50.39355406485609,175.05677589189025,5.965189273927701,0.9197177335049614
2018,Kidney Bean,South,34.20475098309106,1065.711349158965,65.53754924876557,122.86012110067624,5.509944970644698,0.9886851194403855
2018,Kidney Bean,East,26.61737671459266,1195.8794693276177,64.45437975733864,114.83201418601105,7.069548642325579,0.62238737401916
2018,Kidney Bean,West,22.44544891804841,987.3485112952835,61.356494002618106,119.1561984776184,5.85161976682118,0.7935478360195495
2018,Groundnut,North,25.55928025252008,846.6702060992671,62.63449826033971,167.703246512382,7.484076947557189,1.713564203480329
2018,Groundnut,South,29.030982292125163,700.4943338134259,74.46992388934481,163.82981719310473,6.09893342589517,1.7708816287637892
2018,Groundnut,East,21.863636596298246,624.4298785860605,61.747784599174715,147.16286522908425,6.2264923571243544,1.357856003878943
2018,Groundnut,West,25.806327367445924,933.586514581639,62.40011117585339,161.00009437122281,7.389930417972276,1.6330038595173202
2018,Mustard,North,23.43162277950173,980.2376863372633,61.819610427633776,115.3870495143751,6.083646375147935,1.5772151729667354
2018,Mustard,South,25.289300073643744,690.7629637536368,52.76492932628323,144.32265983899902,6.749465703791229,1.7524854294457994
2018,Mustard,East,24.3847369211292,924.4969535864258,64.70752608967025,197.593380604992,6.361841128701995,1.2498944863031292
2018,Mustard,West,23.69478881140466,1002.3076996233292,66.83018704019746,151.0082600222286,7.4173813078235105,1.25692503557481
2018,Soybean,North,26.627271908596306,745.7987493107,56.090035836625006,183.6254664067895,6.12775874696753,1.7965292997600621
2018,Soybean,South,29.033909912689584,729.8031570201689,46.57380409926341,146.36650718391442,6.6566152589411605,2.0609893136088595
2018,Soybean,East,26.020672972196145,1094.480099256494,65.82462577224679,150.59950047538982,7.264793069532727,1.7001666656241734
2018,Soybean,West,24.05705633094216,879.508603659454,53.99931813466332,138.43667584216553,6.819463064521514,1.8429899895403354
2018,Sunflower,North,19.535317891502384,667.6465934595439,58.31382818140152,158.26660712755356,5.511326001051593,1.2870206574693799
2018,Sunflower,South,23.634686180836866,949.7543107472349,49.048042986566074,164.8602588489313,7.047273290011521,1.3707346792550117
2018,Sunflower,East,24.646056716177867,688.4289316093325,52.4241486336031,139.176128848381,6.152945459637241,1.1706400898896443
2018,Sunflower,West,22.532264896793794,803.7037655462677,73.3737017102061,169.33894265517034,5.60028804614362,1.1890683361075995
2018,Sesame,North,18.070396760430242,663.7185727618231,72.65052831566439,186.99106739855387,5.529447783722663,0.6648626870889098
2018,Sesame,South,27.66240298377761,381.7186182367067,59.25870179222303,166.35059935578704,6.402672065478577,0.6885240287507547
2018,Sesame,East,24.19998965883082,906.4889236887743,60.23657141004011,159.52929431383103,6.263689597846831,0.7712512840287977
2018,Sesame,West,24.68444302968906,624.0466765386137,66.63155086012796,154.82474104432325,6.322454725263321,0.825423622414108
2018,Castor,North,26.194886118123094,937.9356189203146,55.37661163341491,140.71448971216313,5.502629266861253,1.4465636831401105
2018,Castor,South,27.234307392959323,907.0772483965866,64.62183696616455,121.3173379062747,6.431933496372274,1.517666357857335
2018,Castor,East,25.80143127822499,962.1016740538226,71.96638353807903,219.7449338323599,7.21755057045693,1.1630445799997466
2018,Castor,West,24.594123290215727,905.0857267454109,72.81205271250532,98.19662209758783,5.862995256541682,1.3116918159792623
2018,Linseed,North,26.99215885991675,795.1076771856333,55.315659737289586,150.96200369117403,6.732589425461569,0.9268069227633676
2018,Linseed,South,23.54786366381966,999.5233020290688,62.02976536380733,135.67422684469446,5.799346929167202,1.0914713072164428
2018,Linseed,East,24.471597406867666,626.26297196036,74.65892902330928,165.38611717021286,6.364167425704136,0.656297981847736
2018,Linseed,West,30.232312636757015,1236.11402516556,73.43696502789855,175.61935280704319,6.084666622566765,0.9671755356381864
2018,Sugarcane,North,26.665124418559863,690.8820396886707,60.622465688940075,118.71609544401782,6.0441683151559555,65.06120901629887
2018,Sugarcane,South,28.512457084129444,799.5021932329013,54.53635400029299,164.7929431695497,5.91416964977542,71.67397477949844
2018,Sugarcane,East,24.426800470184943,815.7193987624462,63.060394084343216,162.57175023733126,6.7532501897528245,58.59549065009922
2018,Sugarcane,West,30.983889104056388,966.6461911426904,56.414477807463605,152.8899184669977,6.8308095852765085,61.84333258464026
2018,Cotton,North,23.789506201167306,1014.6543708540806,57.58403685239994,123.7929608687882,6.2208236127025565,1.38412800678733
2018,Cotton,South,23.848839712227225,950.0868636735744,72.95142232635708,144.28586522184477,6.683337641187007,1.426356038167221
2018,Cotton,East,19.40238702471307,952.9470795862284,61.359817285821585,153.9066560404874,6.126811122949112,1.1941372704713669
2018,Cotton,West,19.642249273338066,1073.8698181183402,66.00287244494314,177.40228585399854,6.751800465847984,1.383759902274556
2018,Jute,North,20.913741036998516,603.924909018114,77.90294696565702,173.66545770826093,6.78586241632152,2.2969410250139437
2018,Jute,South,26.41634243576639,711.9245681537429,65.53412431785051,177.7059640274978,7.070184407849981,2.7339140646513185
2018,Jute,East,28.026903092847075,745.1702001239413,71.44067030929627,121.61453861992835,7.304388236765352,2.1895399950683427
2018,Jute,West,23.383645486457834,968.8006546481986,62.66667961146564,159.25751584611072,6.595261302760355,2.1047608917778353
2018,Tobacco,North,21.086994842400266,869.9318571563081,61.7312799551684,123.56194047766327,5.697361834967754,1.8138067409022003
2018,Tobacco,South,27.46610235940703,992.6016476558021,69.38191182990049,132.36155131803847,5.9170550805983755,1.9982792582587885
2018,Tobacco,East,26.88499013722539,938.0233337869647,58.74650302725563,144.802425262519,6.751112879444978,1.550233973223106
2018,Tobacco,West,24.88588066369039,1167.0897453106484,48.52174744631929,107.343479500759,6.451785021658981,1.8481441013056243
2018,Tea,North,17.970882695044477,777.9303797144033,69.92349310683453,91.98246041335797,6.697668029301168,2.071377606450948
2018,Tea,South,24.04370893340124,732.4663151535196,57.31376353404088,156.35319217678588,5.663407919204458,2.3880192299201983
2018,Tea,East,29.130657658527547,1004.8903291802445,78.44743865812559,162.27366719050679,6.339307685342021,2.1134983074559655
2018,Tea,West,21.43387170277702,867.388947717353,78.75813434343613,194.38536437886722,5.930661055057463,2.0253952515709153
2018,Coffee,North,29.535819891126287,978.6762228037235,69.30595375120237,192.58502362621968,7.454077507232884,0.8271534409034755
2018,Coffee,South,23.522372710610487,712.2171930242707,50.920328942805995,138.85511715432958,6.886790005196755,0.9359341651965881
2018,Coffee,East,22.429768258350204,1003.1302064549177,51.78599065993237,150.8589366610568,6.302696008477036,0.8691114351526883
2018,Coffee,West,24.125501444526417,764.430243078913,80.93892531076756,175.03507275575163,7.016891913999729,0.8127114794806075
2018,Rubber,North,20.964515808538334,828.7900140751555,74.4953813458835,202.1528676933024,6.2600147284815035,1.6399201046100638
2018,Rubber,South,29.63920708517359,1044.1242845879863,58.746623421224896,128.8093196875779,6.9576443601854905,1.8513890302655815
2018,Rubber,East,21.188938184609007,1119.594310910284,59.428913663257475,115.86203944721123,7.192132840150844,1.5660572054659139
2018,Rubber,West,28.95031640050653,1190.1565466245072,52.99524330312998,152.7724107540853,7.127967949146617,1.6861329220449928
2018,Black Pepper,North,27.296312483125046,1122.7366254305796,62.51638285840142,124.54156137805666,6.068271728410797,0.5486719444782994
2018,Black Pepper,South,25.938428537916216,1014.8820451858314,72.56506742054104,162.60912664296023,6.41396071925601,0.6018007218019816
2018,Black Pepper,East,22.224908058284154,802.529406701972,57.857043055382725,199.44684301000947,5.684842200906357,0.5445877920992109
2018,Black Pepper,West,22.941846098420353,940.2644742873234,73.85219940015132,150.20060604648168,6.968746957353548,0.5226805228101487
2018,Cardamom,North,24.124863387456635,813.7335025913526,56.88670987796026,132.57559955891094,6.154400044077859,0.290776291985253
2018,Cardamom,South,28.300624831417586,898.6656501080575,70.81934166738814,151.52903158922436,7.025666850605068,0.3914080846925163
2018,Cardamom,East,27.17854396298601,527.4256180254073,66.72535016746895,141.1863439315845,5.851231068662333,0.33495401958574966
2018,Cardamom,West,26.763323334255013,953.8205704895429,68.95362350343984,171.627895427196,6.841964682539037,0.44471478553710814
2018,Turmeric,North,28.62401593175646,1081.217360900291,57.884066076092424,138.88274932117818,6.741118390837997,0.9860877816674077
2018,Turmeric,South,23.077072256719678,977.9028395263708,66.40538969993423,125.78790882595261,6.935406723418674,0.7293490115053806
2018,Turmeric,East,21.481546638200314,946.0869013086703,56.30304464750303,136.06529696750601,5.896810727987808,0.785375955519341
2018,Turmeric,West,31.367523271407457,1209.6859737948519,63.33899794639125,156.95313723840263,7.098020742704717,0.6067006584316379
2018,Ginger,North,18.692197924236936,768.1221324691599,63.24577983452427,212.98797049680888,5.888932689315389,0.9169702157733434
2018,Ginger,South,29.814622861653863,764.3437534223758,79.91359620709879,133.21731021572285,6.8925269506010665,1.1111554238752113
2018,Ginger,East,23.40262304779481,987.6247648040879,64.4552680568635,125.41317688239673,7.000706244816685,0.8261083748000488
2018,Ginger,West,23.697758397029975,909.0664898695355,65.02119915200444,119.59119043564898,6.328218164247992,0.9034049746074588
2018,Coriander,North,21.124016174983396,963.8873974519888,70.17181428958682,154.14864657030787,5.891397078606079,0.8156732051781946
2018,Coriander,South,26.179117168820195,689.7314101423442,80.1502727186564,114.0621571792157,6.876220798501303,1.022564632313047
2018,Coriander,East,24.84723046760891,971.9702622174094,66.80990470933938,177.9483455681788,6.410022064613915,0.796073032534912
2018,Coriander,West,19.50926330000295,1326.7148878303674,52.57624155409957,185.42884209581334,6.840805782032728,0.8525617787889377
2018,Cumin,North,23.94430952913053,738.109691673045,69.82320036198523,135.3396980793022,6.7490360307286945,0.5519024935498595
2018,Cumin,South,24.49364578775215,801.1956917397498,67.95178409681876,142.4212040255831,6.959822627584727,0.8890477757306038
2018,Cumin,East,30.848968782436717,899.2725171216239,70.12021294707463,158.9103145883594,6.242348241378226,0.8110773521698993
2018,Cumin,West,19.836859414263753,645.1768120974391,66.7919597512084,168.41908362919742,6.60595117203488,0.7249521323959554
2018,Fennel,North,21.95270059922752,874.1875072529791,62.132162872557394,145.05407857907207,7.002158387804872,0.5980073970836101
2018,Fennel,South,29.247625800484904,433.00514571947804,61.2346061099269,175.77343920090811,6.290451301444933,0.8586250982273347
2018,Fennel,East,23.34099833541767,671.7006667975978,76.6379962829647,197.01902865506622,7.126240545242839,0.7473552725777252
2018,Fennel,West,23.6423329468584,598.2363541549577,69.87469259069292,185.481729234076,5.987865127620433,0.7113739387852057
2018,Mango,North,25.821514338247123,1055.93033304676,65.08016921392455,132.78263916386913,7.241781140053334,8.065172240903687
2018,Mango,South,20.790186910778658,983.5534109402681,53.747306501020724,147.06071340809837,5.750601792812218,8.908704666179025
2018,Mango,East,27.073478194966214,572.3970815157596,66.13183473187043,183.30079529078085,6.1769610207359555,7.405818108457128
2018,Mango,West,29.774165416540264,778.0443139067524,66.37272207311428,173.20829333440585,6.910865391394806,7.702793153865009
2018,Banana,North,28.882772196852137,1048.3142934948942,70.34994722097116,193.54502618592403,5.878565729936492,25.061697042227934
2018,Banana,South,23.261457711153085,787.8137742015139,50.179542921924316,162.761937970145,6.56748396155533,27.793280051733415
2018,Banana,East,24.239375362951833,872.3513804539062,61.63175723310004,112.56127597099598,6.96113254086681,22.471178847003838
2018,Banana,West,24.894255818817218,933.4377767821904,57.648485462508454,130.66698483463702,6.76531875185908,23.893833435251917
2018,Apple,North,26.700835356509586,843.5632268756104,65.39275785044538,116.20731169938384,5.686520240361664,10.078389266336917
2018,Apple,South,26.84756439445026,1004.0749098194483,62.80908165274365,141.12423982141252,7.056841223071408,11.032580693584611
2018,Apple,East,28.763470582460705,906.0362200264591,62.91833998912847,128.2367435942998,7.380468385745779,9.159829460768387
2018,Apple,West,24.20221176107484,1321.2661711089759,59.71632101149993,181.879847612361,7.123975938091836,9.644633389093185
2018,Orange,North,23.19080227662126,763.6170778616031,62.063819082226864,140.23977033945917,6.63107782923932,12.234960874262121
2018,Orange,South,25.30096379414011,870.0150999403895,63.84863815971306,126.56508876235048,6.6272331711966,13.22027905138478
2018,Orange,East,28.78383452258888,1003.0708554876747,69.32307238218932,198.4069278161141,5.5070217018213015,10.83829681430511
2018,Orange,West,22.746498341128365,850.598929830252,51.40011758368608,123.84484757309232,6.020786027222044,11.383369729594357
2018,Grapes,North,22.89786650743728,1096.5903446396544,73.69184098312306,161.1439962804282,6.355385818232409,15.144456171191532
2018,Grapes,South,23.403547014783847,836.0789166807481,66.99845008025096,126.58958252840058,7.346171638478859,16.65812886498893
2018,Grapes,East,19.373572711607064,996.8668739701654,65.79211559589805,136.93963179056226,6.049145391359193,13.66923996010864
2018,Grapes,West,25.03015640566153,957.6801563928391,58.64342897301721,145.6763331288668,6.263151838104363,14.35704276391408
2018,Pomegranate,North,17.73490726838399,887.5156077172932,62.70881214799235,137.46462382728754,7.45826783503545,9.193200607175754
2018,Pomegranate,South,23.71262430279927,751.429979142939,60.73914594661203,197.38768364978387,5.954382506364432,9.994807501133822
2018,Pomegranate,East,21.22188617510211,812.5163414864437,62.789316760587724,155.75351628167937,7.010374548496521,8.177475660276592
2018,Pomegranate,West,23.624346189262067,721.0838581379263,59.90754232219119,168.51300383249986,6.769903031521963,8.736922735695664
2018,Potato,North,29.343526008862796,843.6439737037118,63.96105338602177,140.5112616308081,5.675539127535349,20.276917292112543
2018,Potato,South,22.522395815062822,971.8911307912088,56.174109772515216,161.37751914920045,5.7935937947540985,22.132742864247223
2018,Potato,East,28.685394492983395,922.4410772695255,66.96233394109548,118.93747907701533,6.906681909037864,18.14574768637066
2018,Potato,West,21.778970513298248,810.9725415932531,65.51723257711298,172.43828199204705,6.855821891692534,19.00014686966316
2018,Tomato,North,30.344062283345707,791.844707676073,58.6281550520131,113.17310892338466,5.683276410351455,25.134282800879795
2018,Tomato,South,23.303950142496717,1128.5918850482494,71.21131934910744,130.23083216862375,5.590459261840429,27.707417131253735
2018,Tomato,East,26.484568608591978,854.9778233003243,65.94767638991377,121.70284053668504,6.686211910224329,22.50813519822486
2018,Tomato,West,23.299964491296656,906.9926735729435,76.11027605979838,185.49592808485187,6.82070665708537,24.03905302445835
2018,Onion,North,24.56541582335802,1006.1243355103634,70.73810835026572,128.51501972956999,7.014964649480238,15.932051292511254
2018,Onion,South,22.976962520211103,868.7137328302218,64.37129285668514,179.95921423433649,5.9712846639993735,17.712920628687165
2018,Onion,East,21.115007496231346,846.1421218971111,74.23998048433295,154.84154411292,7.49198210189221,14.296576828957397
2018,Onion,West,23.34169271599544,1050.8144626560997,50.37122946924846,142.55615162916936,6.501729883321777,15.237647401650952
2018,Brinjal,North,25.722840645997955,624.6402495250381,63.31756404006366,155.08775901037293,7.210672260604629,18.005777612141657
2018,Brinjal,South,24.52074716040893,767.9927164063093,66.68453165849247,113.20352330705947,5.89819278814014,19.90372934976187
2018,Brinjal,East,21.869983895369195,1008.4183440485635,67.00802834520117,154.48535427622105,6.37752444130326,16.247998477430794
2018,Brinjal,West,22.665232487562605,742.9370264824746,56.26411716094827,157.93365014383525,5.791365054658737,17.298428804588934
2018,Cabbage,North,22.396102880545232,989.9113139736623,73.43913930041397,173.6010537037271,6.848473123256398,22.002334240007194
2018,Cabbage,South,21.527381315319303,888.9838912286887,50.80973815668996,176.2336636399258,7.293019671227729,24.289940823525303
2018,Cabbage,East,26.74627332795595,803.3450103676421,74.79034898010532,173.73241245938289,6.662370685464227,19.875137237916086
2018,Cabbage,West,23.580396112964717,839.749296643228,56.4872467885832,123.68620526632816,7.30294316789531,21.024549137166343
2018,Cauliflower,North,21.567390386924163,704.9621931980356,54.29860651129853,165.3042904654646,6.61503652933455,14.940676004866845
2018,Cauliflower,South,22.794175841867332,987.1561519526946,64.34762915304515,161.6219805204011,5.624850367365027,16.73119884495042
2018,Cauliflower,East,29.031957439797335,920.4757532019685,58.12139623369684,182.48971194163016,5.685690173061241,13.45723562711732
2018,Cauliflower,West,25.2616149761118,828.9669676198895,68.51070749405152,172.27662423656176,5.854387624968076,14.247573872877993
2019,Wheat,North,21.83161133813879,828.4413955219195,61.86663512396774,102.9369812133134,5.873115824391231,2.88504874521171
2019,Wheat,South,33.83953644892354,818.112706379628,53.70339514947496,154.1372891033285,6.863070000416942,3.2796591459022486
2019,Wheat,East,25.48550923946005,541.2900240448679,54.450864273339995,120.58465792004824,6.642877302964035,2.663048977570384
2019,Wheat,West,21.27019537408213,1137.5087008145842,61.46477069467672,141.90826396662905,5.866832590351553,2.7507730106344734
2019,Rice,North,19.801188885838695,705.0112659109021,64.33537247228892,145.06013578194103,6.858817115190259,3.40298924684023
2019,Rice,South,32.60558156421927,687.9371854585105,59.969174507657726,185.59102675091822,6.394123111081647,3.8158885167990753
2019,Rice,East,21.667319821491414,946.5435444513367,61.90006948075653,167.81261105230402,6.014822460393411,3.0884337734802405
2019,Rice,West,21.20909779149529,1032.0173955094517,71.52775114649356,174.8967398095158,7.07173371341177,3.6306553933378716
2019,Maize,North,28.376853331998657,860.4751385296757,72.24516722643037,153.80799483011396,7.439851147131887,2.713807531914229
2019,Maize,South,26.969219696469917,910.9634817511129,59.187710288275646,109.14710370407414,6.117215363270873,2.615063078739676
2019,Maize,East,23.374553387192773,897.3294067500996,75.11287286850002,171.05931197549137,6.231973802005614,2.4351353997187
2019,Maize,West,16.556327908283407,894.1098955843762,78.75806060920878,134.5852977697374,6.960933402288742,2.57833350904923
2019,Barley,North,22.205852239803406,731.7889592875559,83.5796914691212,113.91676386474657,6.888132149711914,2.3203178218234055
2019,Barley,South,27.719204017924348,706.9666357697064,64.38013780534492,164.0361115214988,6.879982392708612,2.461998306392566
2019,Barley,East,23.864450124620763,889.0150085833437,62.185669694855875,139.3518802004833,6.8718232114403275,1.9312353042241632
2019,Barley,West,27.84864960010254,861.5374004556965,50.17014207024701,161.55385240149192,6.170098341876965,2.160276286974408
2019,Sorghum,North,24.507464970866305,894.4752430448468,76.99329073338072,132.67923205214643,5.914144350780487,1.9499766136123635
2019,Sorghum,South,29.011399285598742,1021.9527577859511,67.22641641250542,163.88881204581392,6.692325595821355,2.0064531742499847
2019,Sorghum,East,30.594676179603862,788.3730802918308,77.33847710132765,215.11631932254602,6.084091116195831,1.6625435586846786
2019,Sorghum,West,25.226510779714847,1035.9856798673286,59.28766604978036,173.27218456979594,6.559798351610015,1.9626492664019548
2019,Pearl Millet,North,23.61877923550908,926.1432079185311,52.780490024711845,112.41067126044325,6.507163554828921,1.6096076415913698
2019,Pearl Millet,South,24.38983204194541,999.9721084992171,63.33435793608027,130.30693916836202,7.061866359580988,1.768275932604311
2019,Pearl Millet,East,25.046737041428653,871.3015978909463,64.87572921571665,109.44767554573829,7.389120740534295,1.6026601051239917
2019,Pearl Millet,West,20.969878363182943,1107.7270545817892,61.381833286451545,166.33285785536353,5.688914102537439,1.4876401298811077
2019,Finger Millet,North,29.30200301119138,694.4925975681217,65.29189413072959,108.97048152831385,5.564690575837795,1.3595810494540226
2019,Finger Millet,South,31.063293311161555,1052.2980916026247,66.96188678315389,173.74103746541334,6.489904267409983,1.2247235150174536
2019,Finger Millet,East,22.15747099510548,1212.324823105986,74.74418243775715,175.86683493263638,5.744505879746895,1.062780219629534
2019,Finger Millet,West,26.34280861651628,774.6709042659766,50.026279042207676,132.75531138177237,7.099894097169764,1.0906659526787639
2019,Chickpea,North,21.467948185413047,969.1169486856061,66.76715894405923,164.49128391871113,7.273245300032783,1.1169402233296468
2019,Chickpea,South,24.20140540009109,914.373887432881,48.3253470292576,136.0442434400554,7.1058596827485525,1.3707945685911584
2019,Chickpea,East,19.277272803470577,770.444022467836,61.978758799241845,152.41164107023434,6.293864102123317,1.206724926311367
2019,Chickpea,West,24.654618557765545,502.3478696818673,74.96731078894766,113.40933854919282,6.411765176848206,1.0895427940971771
2019,Pigeon Pea,North,27.13863481101275,949.9396521416977,73.2400606363234,193.333117631834,5.6993216496990255,1.0688761530664892
2019,Pigeon Pea,South,25.902933139695083,932.7628896673762,59.33209518776727,139.1236849941035,7.340779663000074,0.9208035351240731
2019,Pigeon Pea,East,24.647744428642124,994.2886189042905,72.41947315146727,190.11561770137365,6.2186703987745195,0.9011930527640548
2019,Pigeon Pea,West,21.43792299637262,812.8572868394065,53.717883774608026,140.33016655356687,5.795909477547942,0.9350096961211207
2019,Green Gram,North,29.52493224624265,676.7454508126411,70.55559607477598,141.41489823244163,6.096514312752969,0.7479729237862794
2019,Green Gram,South,24.92076363698528,537.0704275399917,63.719690611365245,158.13712780811545,6.40786592348598,1.0943380742835769
2019,Green Gram,East,26.76661773168775,426.87800672331696,76.88409509492378,98.96596009830056,5.543907003754041,1.003020127636714
2019,Green Gram,West,28.855348822699234,698.780235806052,59.183897052504705,132.5242059767646,6.4081240094467615,0.8698639246707682
2019,Black Gram,North,17.822194676442162,810.1713866841834,72.02923880144303,183.7173299661378,6.539484972874535,0.7320333519467103
2019,Black Gram,South,28.706849421061914,893.871875573025,65.59910067497246,118.83595084601434,5.9035991626843805,0.6839663444360854
2019,Black Gram,East,26.862135259315536,610.1430152394212,65.75453217022745,113.17433153553878,6.577017746028227,0.6881553530840079
2019,Black Gram,West,22.65073279991066,808.7537037152252,66.33492197953323,98.72443778684756,7.277432189225493,0.8356122370351333
2019,Lentil,North,21.28872178306622,757.5527784122014,62.85378462940443,152.95793711402192,6.568496845845651,0.8774529935041564
2019,Lentil,South,22.02101693928481,878.2759225514261,65.3512042649871,173.2633329831148,6.4809568144161345,1.0106912515647495
2019,Lentil,East,28.286463018036443,664.1350925041776,76.09102245824485,149.54440413823195,6.181352737940322,1.0126204153395555
2019,Lentil,West,25.177527109729205,989.0936318306589,72.01232409833842,63.643628678975034,5.720042485982953,0.927917989994969
2019,Kidney Bean,North,18.279112933649046,891.0818254500723,70.87244164002615,149.7595230376162,5.502257245053966,0.8532205320938715
2019,Kidney Bean,South,24.98254151239835,746.6336108536518,60.23755441844814,185.89641160214745,6.128629757449384,1.0046861301597312
2019,Kidney Bean,East,22.782300539122428,700.2292973794922,59.4857870147809,132.87509624684017,7.394454054693422,0.7498024396537257
2019,Kidney Bean,West,26.53271013725975,584.5209743652174,67.97881971576047,139.95318846310187,6.349274812780702,0.8098486563842263
2019,Groundnut,North,24.27256283753832,669.0140412227971,74.18606274067633,165.7809379997342,6.599045495045518,1.6277167660411689
2019,Groundnut,South,27.527658167282603,1014.4825429599385,72.2103696896482,126.42476490050237,5.969088201496106,1.651221020645052
2019,Groundnut,East,25.960174574479733,627.5219925527537,75.71318940126034,149.46967562708218,7.049008212710653,1.2965383839202298
2019,Groundnut,West,24.53067297865346,860.722675429799,58.64272652683357,132.2170022363358,6.636416681574982,1.5621870936137683
2019,Mustard,North,24.701769206174,936.7449893074452,76.35251530686017,101.26024568184918,7.081319052091222,1.3877226304427916
2019,Mustard,South,20.314348567542332,915.0086222489141,69.7109106756059,157.15628178251941,5.898917331768319,1.5292158793089052
2019,Mustard,East,27.66182856987275,698.9603125465709,76.4146891340452,146.83347796173064,5.754408238675562,1.2004557690001814
2019,Mustard,West,24.936647115523705,558.7520902898215,66.72723096420982,148.0737521968499,6.348311218238034,1.4949569077683247
2019,Soybean,North,23.636174375095205,965.0448138009455,64.33989184870885,107.36980980559957,6.805378078681851,1.8782577161933793
2019,Soybean,South,22.767640978201182,914.3450508768844,66.30284385427201,121.42167497009355,5.87463818542275,2.086566118871948
2019,Soybean,East,23.216191800633304,1043.3334482558093,68.16612121220099,152.6619076126207,7.163069944893751,1.848713085252875
2019,Soybean,West,26.220836486770402,825.7539071426362,66.4570326904978,155.47074295399432,7.343814777430469,1.7671306304428587
2019,Sunflower,North,21.16950298853673,925.5593732203146,62.753089955400284,136.7691074869247,7.2389182330757755,1.0356553832121778
2019,Sunflower,South,28.979548836313697,879.5324826615918,66.45853104186958,137.0866874510028,6.162593538608,1.4902357788198561
2019,Sunflower,East,25.978992521718578,833.0157951929993,58.95631358885694,205.82789792830442,7.0648832704003866,1.249374560652111
2019,Sunflower,West,20.871498950746197,590.7789121075674,66.25979836279087,127.43872842265687,6.32590579220069,1.128258321761351
2019,Sesame,North,27.069165565439487,654.4546490446974,62.788389970721305,138.88272166623813,7.337958651000797,0.7484189020308804
2019,Sesame,South,21.9212728740913,962.7065384423407,56.04669037448451,163.424403017497,7.021365027078078,0.7868819862743623
2019,Sesame,East,24.589526918662806,757.7707653018747,71.01986701659375,135.29728502689227,6.737193923002203,0.6216306582356353
2019,Sesame,West,30.74313687557946,769.5551238562249,69.29743851633388,173.60537100629534,6.447079293797781,0.6691900254304332
2019,Castor,North,27.301440704307225,929.9336464359565,69.96828154523725,145.67724718773798,5.926026168065152,1.3554919745463727
2019,Castor,South,24.767919532470486,861.4907364713312,56.00477203407782,106.20610208025292,7.288456085480494,1.6475553853713123
2019,Castor,East,23.465460937997168,900.5728239806789,53.21384547373562,170.59399036939607,7.334443090284356,1.1829870167023362
2019,Castor,West,27.31403373763822,824.2394693200339,64.37127363224944,155.1669407134779,5.656219377502312,1.303366372533587
2019,Linseed,North,26.316444057026345,446.1569516453779,68.6743307740151,169.8469225393406,5.673486545246705,0.9201497411288427
2019,Linseed,South,21.117785260452475,862.8918935996201,67.64719348044066,120.52631573084884,6.512992192408203,0.8177302488492905
2019,Linseed,East,28.65253317505692,739.7066154589127,53.45891463189456,152.48893993999917,6.590471436651149,0.8292701236277851
2019,Linseed,West,23.734691905138188,653.9811907485793,78.12920216191581,138.4039335086056,7.023791584375813,0.851036631013769
2019,Sugarcane,North,22.34709767927132,701.1506243427508,57.97502637115638,125.3763468720742,7.419873143597768,65.02149500204484
2019,Sugarcane,South,21.920094735727627,763.2328435874605,65.57212291601044,133.78535723404315,5.645112750858332,71.50173488633376
2019,Sugarcane,East,24.403171168513595,823.4219682326618,44.78040503953861,148.71211663238816,7.000777854181403,58.559613320758466
2019,Sugarcane,West,31.513578583187485,851.6037818472973,66.73897701355448,123.47408316919537,5.708034503590204,61.95050008867653
2019,Cotton,North,32.37139054232157,1103.32644213972,60.42457163041254,170.38310417022535,6.201404654861455,1.326765804258064
2019,Cotton,South,18.839361588418917,636.3957739229558,65.40223297302065,207.8383360063113,6.478898397371079,1.3254120266112432
2019,Cotton,East,22.54086601626374,829.541078925406,68.5584239841566,111.84302515412524,7.036729985385201,1.0936261387106756
2019,Cotton,West,20.143532284040678,827.8076884585339,62.47432926615247,190.35857292294253,7.166443542743001,1.0200209186986637
2019,Jute,North,31.30089403317167,1007.7385694146151,55.583746948375435,189.05886273433075,6.845297478864742,2.1445050132304693
2019,Jute,South,24.350956480342173,620.2532827454536,84.50136390742418,126.80899405165653,7.181849789179703,2.5586511060041746
2019,Jute,East,28.889354105483125,522.2197020524087,73.35732988540326,134.6600357065498,5.921291195271073,1.9387660625375147
2019,Jute,West,25.55820529741164,742.1541549347105,73.36924932178702,124.91939497245579,6.760525056168161,2.024115308111369
2019,Tobacco,North,33.15364865705702,688.6735851385434,71.74682627131764,126.5062516342075,6.6500509125232785,1.6957639331474632
2019,Tobacco,South,26.60090628341525,909.1115404089663,78.63288416693443,157.8746883855125,6.970231649680792,2.142033703357788
2019,Tobacco,East,23.945238295746815,663.3618207537685,72.3473464365765,115.81115609372452,5.871904196001609,1.6841740926005386
2019,Tobacco,West,17.236176805830155,861.1350960393269,54.25432487532879,126.01612598379693,6.2030560831937605,1.6783600563716667
2019,Tea,North,27.179558884139052,806.0201167490065,54.397749024380474,183.652585596562,6.847501292517718,2.1768385900129887
2019,Tea,South,26.31827756856012,827.9354763839034,52.96172086315666,153.35186337257642,6.07129774143611,2.472313785418214
2019,Tea,East,25.455471098692392,708.7554461834675,56.16265961817988,121.42098484899799,5.621104512482521,1.935404805779397
2019,Tea,West,30.417006634348795,901.0129623651151,78.2660988848703,151.43038625275162,6.541666412895145,1.8341840860136107
2019,Coffee,North,25.074427142790462,853.5704063657977,64.13613051189913,147.17547192233474,6.7787817718060035,0.8606214615492016
2019,Coffee,South,26.00011233747774,718.8280952774159,73.7635086281312,157.77428034781786,6.83558958561314,1.008424948538747
2019,Coffee,East,26.73780465733078,994.1401232816754,62.10626409746188,154.4667443804768,6.492728744932614,0.6217552709101076
2019,Coffee,West,24.160623502903047,694.6658957060671,62.093964763918166,154.86043052861191,7.336736629500246,0.8187867551545528
2019,Rubber,North,21.600134409545692,775.4156798483634,58.97982308334524,153.84373822021195,6.015740007096017,1.5568371777106291
2019,Rubber,South,23.15191736884613,728.6517761020733,47.82543254266544,169.2180028550662,5.966066106700481,1.816289324723729
2019,Rubber,East,15.47575318559957,783.4054330313727,68.60043736948117,135.2605251015968,6.9479907682894755,1.3165286102678087
2019,Rubber,West,30.494600353922337,890.3218366652453,65.44997232128344,132.79254680409178,6.013146451980093,1.3867430289698957
2019,Black Pepper,North,21.117318441986594,594.0528292555817,62.71849242605072,173.93794444108315,5.738200115218711,0.5772665331965263
2019,Black Pepper,South,18.015257032466025,1013.4318130888453,62.560160458122276,156.44739597319298,6.879575982820612,0.750952551736346
2019,Black Pepper,East,30.38382542631863,994.8365212321563,79.86461527627968,187.33569374647368,6.130143253426464,0.6372534800501978
2019,Black Pepper,West,22.884479807294746,818.2457982933229,66.4516885078451,117.16180504115013,7.112419310344866,0.5594087547446569
2019,Cardamom,North,31.60050252294093,771.2742619674395,80.0754481432424,134.15021353848167,5.850777170439888,0.11435398512097528
2019,Cardamom,South,28.43778820148417,822.746760139409,74.30302154997725,160.60898599808246,7.3319840027241545,0.4715386439509151
2019,Cardamom,East,25.643389802402655,817.9159550173259,79.14964098524034,158.2472790971169,5.950577783725088,0.37654614501217826
2019,Cardamom,West,21.99897760707819,785.3859150637531,69.9640071927933,81.76489037690665,5.843669113833832,0.3661441308319803
2019,Turmeric,North,23.59481296344814,751.0743827644252,90.24430301908505,162.8414992217696,6.985263493626287,0.7045126625248608
2019,Turmeric,South,24.73032416388393,1083.7824285084448,68.79917859505913,96.89272361977578,7.455952238705935,0.9244734056478567
2019,Turmeric,East,29.55957919853061,914.9392292774273,70.69868213450694,164.52863892521682,5.5089633866510574,0.8764403344159588
2019,Turmeric,West,27.03410972639548,675.7829361928477,63.46523372950356,105.43531833617526,6.496423373424488,0.5691850376754819
2019,Ginger,North,25.26612989028061,850.8085522973594,59.8408331308453,131.76407377880878,5.953107697052582,1.1491610001561194
2019,Ginger,South,21.64018258898615,898.568502536326,66.47219315813891,179.6762230317039,7.41721710008884,1.0318783179027935
2019,Ginger,East,28.145008282842216,770.6639300450707,63.27521798928128,173.3918594812685,6.2431716818250695,0.8140697840529146
2019,Ginger,West,25.590810610531207,1023.4587467420213,71.61622080664645,174.28360571840972,7.1189968431231225,0.9216006883797137
2019,Coriander,North,24.35589015194011,1062.1964837427538,72.61913925092377,149.53726801214412,5.880900311215038,0.9847716452564698
2019,Coriander,South,28.548866127266095,794.3801732497088,55.96266032551571,137.72983833758948,5.758192699719267,0.8489751704741187
2019,Coriander,East,21.841117444003395,781.8106659132112,69.24368215154128,111.07188098082426,6.387421710437972,0.830768673028449
2019,Coriander,West,28.479911999924443,822.0598899001869,58.62011602124969,159.51300763290757,7.021004008834479,0.9062662154400808
2019,Cumin,North,25.41748163127432,839.8455311177373,68.67709854459852,172.84018043920085,6.109159894174498,0.5179652953760379
2019,Cumin,South,29.136559972881113,993.7653152833378,51.42553529525819,175.0848876911757,7.051038161047619,0.6540311316634129
2019,Cumin,East,27.90517999266188,1038.6304978109072,61.83039741217817,156.58843142318736,5.733742772440804,0.6341704847072211
2019,Cumin,West,27.129362654911947,725.1979167409393,64.11328370245818,153.74576821456662,5.558077565319548,0.7898654956130939
2019,Fennel,North,25.335945797863772,761.6413947194791,79.1535293538933,99.5954717599862,7.099658908099803,0.6507683756468108
2019,Fennel,South,24.61550946991713,1049.9751768397334,71.09078850698748,158.5752990053365,5.8945766174341365,0.8731031622347011
2019,Fennel,East,23.160152817437066,931.067716961952,83.36128537642813,146.93304890600965,5.866461437484311,0.5846658002748176
2019,Fennel,West,24.779738557935687,1040.7000822092623,57.90067665842534,199.2361345332995,6.180634808596383,0.6758689182088974
2019,Mango,North,24.70545231507569,552.4697033702803,63.78673470707437,180.94897053020418,6.047641238572441,8.085999047614374
2019,Mango,South,19.50575302299884,907.7567438500436,64.78228694097714,114.25689392424073,5.890060463578308,8.737085444832955
2019,Mango,East,23.98103218992684,750.9997409145028,67.9085871938341,175.39702960539347,7.3446511564418655,7.243885406730699
2019,Mango,West,25.410836825913307,1137.5171536332996,66.22660143409807,143.95381274991328,7.2625760150032725,7.578788796010332
2019,Banana,North,20.8619029934478,993.6139509943728,59.18242041125541,146.2456087151275,6.310451565858668,25.020995842963814
2019,Banana,South,21.75919882065792,637.9580010112851,59.54109503846998,165.77159397093803,6.137405311922767,27.441455076721887
2019,Banana,East,28.07870321486446,855.1827626763882,64.32778514419451,145.7112090237929,6.879086367315196,22.65765520970754
2019,Banana,West,23.59825128370233,796.7558433595838,62.2638612335618,121.16293672778392,6.489823209553321,23.79549615275798
2019,Apple,North,24.792288606586663,827.114103459811,62.850576979800344,158.691838556125,6.492059788507088,9.97448501725343
2019,Apple,South,17.96383171295442,1124.1270791035363,62.454395271308854,138.29196206308836,5.784926296174217,11.282203255534828
2019,Apple,East,30.724289855631696,932.8692119588632,67.71877911172265,123.42643174542079,5.978929559068933,9.04143927749274
2019,Apple,West,25.476671224608694,631.3606959467756,72.15646214061206,180.05182112434161,6.170927902365295,9.571729173362316
2019,Orange,North,32.980886347555554,877.0580467662973,80.33830374884603,170.7274610004584,6.115499033215641,12.119804148611035
2019,Orange,South,25.49988397035216,839.771254167825,67.38224770536517,195.68908130184764,5.731424788527044,13.06972044599098
2019,Orange,East,22.09392298678141,475.4836517968081,69.47763820427184,185.6826694456467,6.19455446975254,10.829010757987476
2019,Orange,West,23.75222877700785,873.8295108956182,68.00299699558404,118.77073450882773,7.382822362837002,11.447434754710422
2019,Grapes,North,28.513357194212713,849.7629244885078,63.24428722124189,144.10430591885677,5.82858513505303,15.065361277584087
2019,Grapes,South,24.324404485388744,825.5183341190119,60.3391638354709,185.34436818732317,6.209883928978483,16.548255619256214
2019,Grapes,East,24.55855907421321,861.1553139527097,58.78978812825619,220.84730579843605,7.170059922533694,13.533611286826387
2019,Grapes,West,21.00850069152293,973.8444193635418,58.85258654779196,160.08180693527174,6.762131556335392,14.379130070134158
2019,Pomegranate,North,30.58860736420053,852.4396291633174,68.77712321940453,172.7362403297484,6.895609396988817,9.185735945364783
2019,Pomegranate,South,27.282209523574572,785.4736843703819,70.18046731514897,193.06120167189033,5.781658334862229,10.085898068867845
2019,Pomegranate,East,19.28034046944759,737.0184561684977,54.45120511630505,177.1733804458171,5.884258654403733,8.249933502932299
2019,Pomegranate,West,28.49413217233773,642.7125756670868,68.17055745606291,134.24419815883903,6.8984854704909475,8.481454501642004
2019,Potato,North,26.521856522801915,1173.9322371002827,58.937681217424945,114.72880993055384,7.264475923582763,20.08679074218707
2019,Potato,South,27.118379028766096,1014.1344784671317,68.30785292703649,113.04827273518649,6.5848202573566175,22.120107613566123
2019,Potato,East,27.355779896944167,684.9824436681823,68.91705011752121,173.10453977559837,6.869088866062648,18.11511778122182
2019,Potato,West,24.525605952881392,433.4115341594063,62.85672601307555,138.46340310356223,7.336605484019546,19.03203876101102
2019,Tomato,North,24.006054464110218,894.5709888705294,60.71450305485147,161.86634114393362,5.573415965609257,25.141881985968435
2019,Tomato,South,20.971836900353587,844.1424361741228,73.62876092889499,155.12252144942812,5.8362050996103605,27.56302574746579
2019,Tomato,East,30.64801961673443,720.6245393385806,62.22917581072131,122.52882935054149,7.18828092005095,22.619910848684654
2019,Tomato,West,28.566021946466037,784.9314954665546,57.2579812836232,164.11245510118744,7.489010208441117,23.7202832574352
2019,Onion,North,25.072321504863684,788.0686265919172,75.7911882053254,120.49951114467049,6.276595555897078,16.024173461411195
2019,Onion,South,22.57751715663025,847.7591149854708,67.59937392822425,154.34619505896546,6.749646284186875,17.85773160904791
2019,Onion,East,22.90435131872187,872.4367715172236,74.15326777433532,110.54274059623974,5.691372414611813,14.36107072597524
2019,Onion,West,20.75356498692927,980.1750407189935,56.431450098073185,210.34340338660607,5.713310139259381,15.424768724117664
2019,Brinjal,North,23.233054128686888,909.8159479594709,62.06308663942151,150.78972515381446,5.6239500719790385,18.16531817783875
2019,Brinjal,South,22.119386197138347,925.1854696178102,66.73188507589794,165.12548234558773,7.340923956890401,19.846121730498254
2019,Brinjal,East,23.926917198544494,1009.5600303821575,66.0040709958575,114.71060787187344,6.574416358789778,16.410858446461233
2019,Brinjal,West,24.008024012871005,915.1544106107673,70.26434688584324,105.34032970444946,6.855226351085223,17.178874638518863
2019,Cabbage,North,25.230757006826085,751.6981810220359,63.3228800526467,165.21229121695197,6.4174576484004815,22.07658381752882
2019,Cabbage,South,30.29001266248839,908.6441546022912,73.04139763494659,153.8429117177788,7.4195042088007135,24.302525990079644
2019,Cabbage,East,23.266300057563363,884.7170702705955,53.352680644273555,202.59403692364486,7.049699693068198,19.900432734014917
2019,Cabbage,West,30.035721893046272,535.0927549734214,67.95507835226667,194.4134628608357,6.304861451295584,20.94484729925328
2019,Cauliflower,North,23.530139911116077,622.2121118773555,57.945452008116646,135.21960951894064,6.312799705708995,14.908959399492122
2019,Cauliflower,South,24.45238376011769,775.5443874856683,58.079580559327304,133.43684071105682,5.754502959567912,16.6252533625465
2019,Cauliflower,East,27.393563903626088,798.2933538867218,65.1336069381404,140.87167655510538,6.170495671400662,13.510598331851172
2019,Cauliflower,West,20.442684126272308,1137.8252331420229,65.62349837246568,179.5725122346881,6.404016575974162,14.378812383805633
2020,Wheat,North,31.126772281957223,768.4790467049237,78.03050091531378,132.58973712735298,6.5254942837020184,3.012503767352869
2020,Wheat,South,25.68134615283353,592.6786012606215,59.593593172572035,118.76308778645247,6.658811262173309,3.2281807816303707
2020,Wheat,East,24.811199048570664,845.5647946076834,56.63311830095857,133.0490501301545,6.687391957631712,2.7148420235170656
2020,Wheat,West,24.001954584307125,868.648412222884,62.663300366874665,205.50281212672473,5.9191569638766754,2.853155944253207
2020,Rice,North,26.18506856844976,722.1320303341867,69.68417226285494,108.2166933091307,5.746469336019608,3.8105412405214985
2020,Rice,South,27.719273762203127,634.7980183353657,73.99691288984012,108.73301203106601,5.728644143617029,4.089290686453206
2020,Rice,East,22.41147360576062,791.9944382489657,60.99877855028217,163.30056080681965,6.658442379142214,3.110122474033594
2020,Rice,West,23.949334352612663,631.6180351607139,59.74512618224401,162.51399179744118,5.648112968994073,3.3536730112093505
2020,Maize,North,27.891769346463533,750.1756371982049,65.52387887565769,131.10807903177755,5.820256480369281,2.698166193336629
2020,Maize,South,22.64776909896539,601.464229750788,60.710513252476005,145.04134160204856,6.083859942146146,2.9770345522594397
2020,Maize,East,17.77762877411299,806.5710228806182,64.1543353521945,145.30520929609654,6.587796841426295,2.4881688146822243
2020,Maize,West,29.423492102711542,656.6872463314264,71.24990713961095,119.5594139309899,6.518318258419318,2.676399278339632
2020,Barley,North,25.64918888361134,1001.4174878210309,62.43252503416102,151.1966224260639,6.0012885102319595,2.325089330320976
2020,Barley,South,24.56697054408754,757.5209285317712,56.33727576905325,101.86844468531287,5.6433012284629696,2.719983472963405
2020,Barley,East,25.764385802270596,905.1833008248193,83.51857273420887,155.18181414586743,6.337508995840429,2.1149410303758818
2020,Barley,West,26.734766588541422,642.10278411624,79.34516107443277,140.77217450193092,5.765364093121699,2.3579924152592153
2020,Sorghum,North,26.698840590316586,900.3415261607233,77.60576360299012,150.46976278269852,7.255091085118946,1.9755374916958726
2020,Sorghum,South,20.474681276963373,917.3017494083479,65.05375158397756,173.08331729473153,6.000798627731281,2.2508635637884655
2020,Sorghum,East,25.889654900007177,820.3844854414011,65.57799307388962,135.94594145163182,6.589144182977669,1.858520835850459
2020,Sorghum,West,24.05626215419799,681.2452701851971,49.096824963907764,175.0853262544585,6.592109184873129,2.1946127381798863
2020,Pearl Millet,North,26.05557330484978,802.728805988559,70.71427180881099,178.6366746639835,7.209556692591159,1.7120608547613578
2020,Pearl Millet,South,28.986920689943904,787.0171164925108,53.903900929336075,122.71319154248464,7.225039612453383,1.8341105786005334
2020,Pearl Millet,East,31.862322250226836,701.3674596737629,71.63042848101429,120.52598550022154,7.415825101780296,1.5779657448916051
2020,Pearl Millet,West,31.144583433731615,735.8423400345376,64.37591246820332,160.99761859427284,7.310053194886397,1.7171515141043698
2020,Finger Millet,North,24.16367716994314,962.210589743918,65.57136666064875,147.27878437327095,5.6998738131372395,1.3641123915131865
2020,Finger Millet,South,27.096060128059946,581.6317504497312,70.35107541336444,145.62220926477053,6.854750693459358,1.625360521844698
2020,Finger Millet,East,25.75447224646422,918.611337483791,61.33472537125429,180.31191759905025,6.443685949675228,1.2386418989224304
2020,Finger Millet,West,28.083877006773395,909.3044651080638,56.203975461264875,139.3212411454445,6.437020099839649,1.347692677523914
2020,Chickpea,North,28.518946235726386,858.1854953123868,67.69522611181293,161.30685944121447,5.667979002778318,1.2928570353762496
2020,Chickpea,South,27.962469150906184,749.2511357624645,61.09175438640252,177.1901141153603,5.886024267971785,1.2265452638514474
2020,Chickpea,East,24.88083249080954,862.4894599411631,56.96219017883636,158.23125155398336,7.390322914355794,1.1401650550530438
2020,Chickpea,West,27.24108697788909,651.6636937573904,57.65968151008213,176.3769731567412,6.448128433811024,1.2547064014541514
2020,Pigeon Pea,North,23.86212754832824,778.1640762890596,51.31859918886565,175.9292868133001,5.951956769310367,1.0346151263520842
2020,Pigeon Pea,South,31.362522843847355,596.2457603949775,64.71209117713948,153.33947725700952,5.697342551736112,1.2252380014715194
2020,Pigeon Pea,East,26.18919490556961,695.7897061469189,78.8540670654428,107.80737843935461,5.794139809100686,1.0596489456098541
2020,Pigeon Pea,West,29.52312383088486,515.7509409044317,63.23107228421038,146.27058370128506,7.2282315923927705,1.1176799108884927
2020,Green Gram,North,22.021567510411643,656.783342953334,61.02499098126778,151.84717340311386,6.527044153824967,0.8774178231318277
2020,Green Gram,South,24.304659021090753,820.4696842170177,66.1380440604633,166.69016316385628,6.9847617785134855,0.9984440250763255
2020,Green Gram,East,27.871070271516576,755.8367503114467,57.454057898849776,126.86361879752356,7.138637524693929,0.8422999511262508
2020,Green Gram,West,31.97660908336599,606.9878487197176,70.8141838262895,133.01786882588786,6.693278399866908,0.9306778860776606
2020,Black Gram,North,23.196760279154468,965.7451422560986,81.14220650540052,151.09770754692892,5.994935459002675,0.751653404789425
2020,Black Gram,South,26.844492903033068,592.2719191832442,74.09196285832252,128.2526667692282,5.751429815569352,1.1218405773423288
2020,Black Gram,East,31.93948343711652,733.5549955673165,67.83160635501585,117.16994427383827,7.072230895606265,0.7350172629003929
2020,Black Gram,West,30.19789115919548,884.1571081920774,58.84678396357282,195.68046814300791,5.832430603740482,1.0372819647530809
2020,Lentil,North,25.527638280574816,500.572982809351,68.08044134350267,82.3108576581973,5.928232486825872,1.1381351581154917
2020,Lentil,South,25.123638325084006,490.4752327480384,70.11361666364134,162.74819962050933,7.283161115916219,1.2736225344117633
2020,Lentil,East,21.11867452389497,874.777212037473,82.05748533445103,166.7235079698942,6.54365494872769,0.8703576846959343
2020,Lentil,West,26.146469086982332,808.0014153867373,56.36557770137807,124.38684641061728,7.368472882144278,1.056881470854746
2020,Kidney Bean,North,27.0118661802544,704.1221534884971,85.36843628754234,192.80761718594,7.2214040650843,0.9774556872583
2020,Kidney Bean,South,23.95147936912369,818.142714761539,73.37685855747905,159.69670224208792,6.4297230542591475,1.091483539853603
2020,Kidney Bean,East,20.213759109366375,945.381618316026,70.77844387026192,155.17740450855905,6.427463471862642,0.8909373714464541
2020,Kidney Bean,West,22.16105853175661,952.8841040381812,61.72984095115407,156.29557536655088,6.345564681131208,0.9963673294893901
2020,Groundnut,North,26.590444033921152,820.2198658580255,53.723608956739135,151.9767567052207,7.015692585864942,1.7638184040728213
2020,Groundnut,South,27.638178363575356,837.7263826545135,63.55567813748829,123.88263797263528,6.497962010387523,1.890296039093205
2020,Groundnut,East,29.977309083555372,820.4151645579934,57.94898748601652,138.32141389327845,5.647657284387765,1.603578918802694
2020,Groundnut,West,26.980618170938715,941.661750109231,59.29351279775831,143.45137483939115,6.31416994563077,1.39307338752298
2020,Mustard,North,21.12096875273124,948.4377447908703,71.81815879614958,112.14645453587936,6.250530942086879,1.6854586125132558
2020,Mustard,South,18.149449170793737,879.2918403763013,73.54949882927126,158.14211313027067,7.4957694164569215,1.8246979640353225
2020,Mustard,East,26.05259427179188,690.8183984511569,56.26026367618928,180.01235861100042,7.071203584846045,1.4248496129186528
2020,Mustard,West,23.718400966341306,901.5874521393067,61.27556809050374,176.37770801787298,7.467181583968664,1.3829247332880554
2020,Soybean,North,18.86746329071395,847.3823082047762,67.7737921299356,141.57434063296557,5.543278649890327,2.075937549938945
2020,Soybean,South,20.637345593110336,1050.2548846522286,63.54022815597195,119.06443883177398,7.269745681092617,2.138166366991303
2020,Soybean,East,18.93779716467978,840.6131400106715,59.410424517929535,149.53231261807446,7.374524089555681,1.9508781076059667
2020,Soybean,West,27.178107997688002,916.1502550704973,59.084257787547266,148.93261928466669,6.21060720200246,1.871213455378675
2020,Sunflower,North,23.244188404760695,580.1448278956319,71.32312861228375,163.012812415707,6.290081071362997,1.2516751682102125
2020,Sunflower,South,26.049355802725852,642.1694774187259,64.244942805556,128.60698413115782,6.842372244318363,1.5840922501253407
2020,Sunflower,East,27.080208291058167,813.3128733916164,66.92864476940281,208.39947924632173,6.566280527221292,1.4429254481119038
2020,Sunflower,West,26.231651998202107,740.3113970751472,64.91040662832184,119.0575046339896,6.748800974944326,1.293075552621904
2020,Sesame,North,26.57905131585852,1042.6833388603231,55.549328154143446,191.5432282576504,6.346833418612544,0.9101715712169113
2020,Sesame,South,26.08301860906385,848.7512871401549,78.13384695630978,186.20615038424776,6.54450104871353,0.7272276850976044
2020,Sesame,East,22.456949073245696,695.3822634108215,63.91519008079294,169.6498203175783,6.2301013082110615,0.7323420061187295
2020,Sesame,West,29.2171559301828,706.547057420048,62.915887728460994,186.39267320590733,6.805636047307881,0.759524220566603
2020,Castor,North,25.93387472271003,543.1641531601836,57.18093399812291,121.12275562079952,6.120003705564611,1.5367360349147487
2020,Castor,South,27.80853274153391,703.2887634139846,65.34973961186466,142.75942431980926,5.5870403707115255,1.5671216229958445
2020,Castor,East,22.005923181025125,718.3516769528808,69.29419988707126,180.9199635338202,6.3908021555750185,1.3703042242547323
2020,Castor,West,24.68148503367246,662.9356872057159,66.36387744557531,139.62271658186677,6.73010233105713,1.4919891225991269
2020,Linseed,North,23.178619808692982,798.8453511262159,62.668485272423666,174.75207909984223,6.230789077246179,1.0581834600776454
2020,Linseed,South,23.163433537321737,1026.3863163130015,62.693465042078785,193.05907965129566,7.158654920124194,1.1787656248789373
2020,Linseed,East,26.838117913594857,736.0302324448611,60.205244155467994,104.33451266290422,6.217825981996061,0.7631350623329292
2020,Linseed,West,24.152480533902434,585.3159708538192,67.10875264417786,143.91683766565686,5.879295260039073,0.9839198274468206
2020,Sugarcane,North,23.003177503885464,756.380974103667,71.07592549163206,144.29405017120922,7.0788159046787795,65.331234941935
2020,Sugarcane,South,22.253021330230343,799.9632765938082,76.25676192331822,155.4753380868791,6.553111113735705,71.65314947083202
2020,Sugarcane,East,25.422682840175522,739.9670948132928,69.8335723931976,151.54860087445468,5.86627074314354,58.56212412230692
2020,Sugarcane,West,24.444522892973914,820.5996913168043,48.95547801674509,151.98225593388952,6.911207082728684,62.01831592750133
2020,Cotton,North,28.86559701714547,653.106030120257,74.76572156396352,139.16623612288686,6.315196667664362,1.2976516213631306
2020,Cotton,South,29.265239453786478,714.4507877911649,71.7654709655586,119.35355703854674,6.616943843345377,1.6141585064650559
2020,Cotton,East,24.25861488027822,802.9761844699485,75.6672018746618,115.7146659444767,5.569445736187305,1.285576810047238
2020,Cotton,West,30.796947929629866,665.59756760915,47.19413330088888,152.98641683514467,5.760878909066693,1.4429735223489248
2020,Jute,North,28.947280153162502,887.0430977645292,53.60615463290956,144.7235741199735,5.916160313819468,2.4157647426868496
2020,Jute,South,23.468692474073656,1092.4021326582008,71.8483847582041,107.89989955509589,5.597066901459338,2.5620068207453537
2020,Jute,East,25.576199405478004,877.3836500994465,65.96998533753175,156.5579534370598,7.00840218398489,2.100551494966898
2020,Jute,West,25.45988836423599,667.2389969200483,62.55762419422473,145.44962327542902,7.109474129533881,2.2299701867748296
2020,Tobacco,North,18.479233102585958,777.2173715461776,57.232937022849214,155.85238242927764,5.868059729364925,1.972150693174094
2020,Tobacco,South,23.458105098256144,1034.8864832823158,59.468311498835504,133.90914550536627,6.499090846647431,2.1972139034273814
2020,Tobacco,East,24.039653081276946,726.8538096783103,66.9665537745311,114.55900606931485,5.721486240382371,1.7165423471462424
2020,Tobacco,West,20.989128258651654,758.8563979365059,64.39931831205686,145.72435075422953,5.507212872212923,1.840979427182721
2020,Tea,North,23.29308652953794,1027.2445563323677,58.771303625506306,166.10162307393057,6.182618480979787,2.208770349772433
2020,Tea,South,24.30386722574583,763.1319834643372,60.22618963600578,132.1631895259664,6.777891243710785,2.46380624369649
2020,Tea,East,27.938470158729565,754.3794973223719,57.77909421980627,173.12456302164503,6.205536931713912,1.945135642948676
2020,Tea,West,29.25964033924847,488.41913160231564,47.1147853620959,177.32980474474076,6.0471685356287415,1.8529847931471817
2020,Coffee,North,26.945408857405173,869.2293979213092,49.163245793179776,139.66402994058726,6.717460965169697,0.9828025794114578
2020,Coffee,South,20.180944051456088,751.6454134892249,56.92707292467498,158.98400407554422,6.006938689431327,1.0665384201580685
2020,Coffee,East,19.80687809697061,816.7110955413551,62.97488040431755,190.46670115521567,6.3584215590834,0.8725839616480738
2020,Coffee,West,24.716519393112392,1088.209066329152,74.83035103128412,191.50298193900935,6.043537395347595,1.0653716993491098
2020,Rubber,North,21.619442024526272,742.5637577802959,59.17336585262608,169.2048532026462,6.958206567189753,1.638822634603448
2020,Rubber,South,18.651429437883614,715.3089521529179,47.12165115399802,168.67687390796414,6.934616824667017,1.6941969099854157
2020,Rubber,East,30.152892165499097,735.4777244536307,61.03035299406794,151.1734074603807,6.737844712469443,1.54323077278982
2020,Rubber,West,25.314796007818067,997.9450583090855,56.22600653866765,93.00675487159877,7.479548831360179,1.6615513061942453
2020,Black Pepper,North,21.771238932661312,620.7417963824728,72.76708711270527,136.39851954952923,5.5189502625233935,0.7740421214047751
2020,Black Pepper,South,29.009653470647223,685.7084887613918,58.563668127008185,173.36902119956426,7.068727890882332,1.0078474504283728
2020,Black Pepper,East,27.552833457745187,575.0751957398719,66.38558114166997,104.35962053588383,7.204700233367668,0.7079418958486142
2020,Black Pepper,West,27.423893382545366,1029.8582506598536,65.09451453858075,167.74254297193966,5.7147968473822655,0.6586572367643903
2020,Cardamom,North,25.1430341442738,747.5709826846505,67.94497780378374,213.38698546714852,5.568686768706437,0.3971644780167381
2020,Cardamom,South,26.439592395105706,668.4122872538062,77.04257215978052,149.24960669880244,6.946068861701591,0.4782910446737452
2020,Cardamom,East,21.017477528387708,685.3915047278583,61.0497083201734,122.29199939985291,6.266703268530445,0.6692393408819759
2020,Cardamom,West,21.17307571644195,878.5576587482562,58.33709379876372,129.0915365875928,6.307347315248055,0.2976874254874698
2020,Turmeric,North,28.35718344987111,789.1400631221495,77.09654359313163,146.15255565035912,6.781942648244275,0.8949199881566885
2020,Turmeric,South,25.36925356935957,621.0399829689982,52.6739375334771,119.46756538486937,5.734082965376887,1.0850830647147331
2020,Turmeric,East,26.339921504966156,502.7753065893641,64.0231968789588,173.45667024145686,6.813808211919513,0.7821963403342931
2020,Turmeric,West,29.923475805265966,646.2884370641394,63.01399108911125,157.73195962816737,7.459383492871657,0.8347916078915626
2020,Ginger,North,28.98217147337696,789.6774933474632,67.35661440432256,133.82909239580943,6.00567240614958,1.2617961142954888
2020,Ginger,South,19.40720858666188,644.1407749776785,55.45296950044944,157.99819654611935,7.097226031846902,1.1978598764778958
2020,Ginger,East,22.79394451305637,729.0178085859424,56.7423088001088,167.6332832891563,6.729284709185562,1.0253944626220384
2020,Ginger,West,25.227622023801153,754.0836346039108,56.531551661245686,162.80427798217977,6.403273369366447,0.8867088339203314
2020,Coriander,North,24.102996258458308,733.5194640671473,60.72374593581932,126.9409641055394,6.665743144057102,0.915180312859547
2020,Coriander,South,26.799752847598135,890.3343886349866,73.10554139157718,168.9478794536896,6.054645883922156,1.0760829259646179
2020,Coriander,East,23.349224852044998,587.0639270210823,68.92658723316764,162.30897812439977,6.673838713180173,0.8384571414774763
2020,Coriander,West,24.680817979966672,755.6583901775656,74.06135402664034,170.1629964687325,7.283750333868442,0.8468574264154253
2020,Cumin,North,22.683978007826965,933.3602183470291,70.60476317821701,153.08643890422857,6.146177494589105,0.75564755851996
2020,Cumin,South,26.6066792711265,791.2487168724583,50.77321351058414,142.2271786697716,6.319761368005668,1.2028005366877708
2020,Cumin,East,23.230934779332156,547.8431535744841,71.19343614834581,138.49464352307376,6.416935220291448,0.7195463216798825
2020,Cumin,West,23.670343922716913,591.3642123675189,48.54923804968376,134.77709676237617,5.594761466112101,0.760751169253525
2020,Fennel,North,21.29266475010851,734.8263414630118,72.10757544286844,147.78484734128477,5.835757802165693,0.7011030932254156
2020,Fennel,South,27.09127104012743,625.1743595493386,54.50880616391978,83.34455224190668,5.766008041975316,0.9672025606945597
2020,Fennel,East,25.616298014157287,616.3045347060672,74.38583273034799,150.02188965601553,6.675948496740697,0.7467159183969767
2020,Fennel,West,20.399823733243807,768.5639545269067,56.51608248585637,125.2242286468324,7.4636344199296785,0.8241793676874788
2020,Mango,North,29.200897206069307,550.8394773742659,54.17503201596701,166.8177815102161,5.98730799922743,8.19509688061852
2020,Mango,South,24.758411580396086,724.02761223494,66.34153227887649,142.09258659087888,6.0256460524247775,9.147453372567544
2020,Mango,East,26.751671739531197,798.1827182931365,61.6731257753944,152.68969110187308,6.081332523198754,7.49495712941986
2020,Mango,West,16.419836574761597,699.1894175118204,71.84588201580952,140.13054358115795,6.153757579530639,7.779269135803234
2020,Banana,North,21.74820390403282,744.64735892552,73.7831722938666,100.14031062647064,6.9085828047632925,25.28575626820018
2020,Banana,South,26.313965211123943,604.6873735449913,67.13709037169384,157.97093508451064,5.975046083696138,27.53753479124054
2020,Banana,East,24.7117263424938,1043.411774640581,61.5740606069772,132.35861793950943,5.908137740957482,22.62855577710213
2020,Banana,West,30.018190948880076,878.7599161319262,55.339163939468314,167.11643852507618,6.4751307265578495,23.73923167464236
2020,Apple,North,29.402127964983034,643.4870365108153,50.56519383128829,183.65844265878405,5.568736411802696,10.275277537048312
2020,Apple,South,24.476236030008373,689.8364913624612,63.46582630486616,176.3269953398029,6.205845786186203,11.258159620334352
2020,Apple,East,26.30469379344817,981.5631150716787,66.74855111098972,191.72020203251762,6.717024685050694,9.21818245976775
2020,Apple,West,24.70833532378575,901.155334872616,80.65991538148582,157.37809590757104,7.430523738330626,9.73355565926113
2020,Orange,North,27.714821000960125,1005.9978319134254,63.8048462911806,112.02538541111463,5.622275260024447,11.96640693029449
2020,Orange,South,24.287118702702646,983.9652521310579,73.00397309192448,140.715972323371,6.3246351561662495,13.220727648500471
2020,Orange,East,26.89671531802524,685.1951588689593,80.43415997297026,147.43081346281002,5.720886253882302,11.100367983741545
2020,Orange,West,24.235882177384713,933.5944261943869,75.45968095313097,137.39065945096598,5.9947516390654805,11.523985943336104
2020,Grapes,North,26.116026539289372,728.2086023758662,52.568723803381076,126.99109561322406,5.561318980300395,15.220385340872555
2020,Grapes,South,21.548650640103897,880.2096212910242,56.412516049338144,171.63190265440826,7.491727750861404,16.618272054385
2020,Grapes,East,23.22604208080954,914.0179637171043,70.05966948918541,161.94002819155733,7.023626193751728,13.643994830950572
2020,Grapes,West,22.834695650803038,908.0114520410189,61.88539855702539,148.29025596022282,6.618698383696559,14.486909670066472
2020,Pomegranate,North,28.798307039323248,781.6313438827477,69.01787776281579,109.44198466765587,7.4293711128936835,9.144586405378966
2020,Pomegranate,South,22.70937823877241,878.3746547733207,63.545191643839736,127.73491494321445,5.788040716103399,10.084144620799863
2020,Pomegranate,East,22.760081315028323,693.7613894950085,67.78208518581513,172.17054281068457,7.39234740959269,8.341879564763323
2020,Pomegranate,West,20.268311091603636,889.385885989866,62.88636295733465,149.86830558368789,6.281281309608678,8.778538123433988
2020,Potato,North,26.516824878824202,743.2502478606405,65.44161403036146,135.10231397967382,5.53460024548194,20.131661896347985
2020,Potato,South,28.32602325986717,709.2136426018216,56.079321543397604,132.50895944831316,7.49634947578493,22.091774839898452
2020,Potato,East,26.448034019691107,828.183785343172,65.93215040939033,148.846203443946,7.120307470553396,18.24668589030043
2020,Potato,West,20.049394862161634,865.7479052795336,63.19822129311246,190.1172657470258,7.360508639970112,19.15372057887136
2020,Tomato,North,24.659254395307634,551.1822011230539,58.43134282811175,138.67718767565833,6.345646725779842,25.191101064111663
2020,Tomato,South,24.399269902227054,620.1034535633964,64.58629767551783,167.1940962140442,6.209341653220621,27.829483319058216
2020,Tomato,East,30.94480420795405,1003.8764800379993,58.65001333564312,161.72762924747698,6.2869853422372195,22.671125513259582
2020,Tomato,West,23.050415262405394,783.960009721494,53.860427787974494,190.18548367703374,6.276362002091358,24.08299767549361
2020,Onion,North,28.579726825424295,716.5912245275572,61.514044772304075,113.84930715138964,7.102886537456229,16.0138605246058
2020,Onion,South,24.08140930989184,839.7663873491248,60.902344885817186,191.6521260747077,7.220240882794827,17.89172832734432
2020,Onion,East,24.528243692240366,569.188092461282,51.074395148957315,140.02323651892266,5.781666855306025,14.476805532328903
2020,Onion,West,28.366476551245317,921.024047331866,75.89408730672179,135.3313809817497,7.363844871371174,15.397289621642328
2020,Brinjal,North,32.450837475617604,802.2984327514126,75.38352154828107,166.15208103029636,7.057028589705115,18.12706086656298
2020,Brinjal,South,27.159348855001877,575.7844794875934,66.85344146230523,113.4644741006934,5.9619260086012495,20.09502308633939
2020,Brinjal,East,27.630164449115377,519.6471687976699,68.49856407070867,142.86447909306327,5.719763939470402,16.3894322597946
2020,Brinjal,West,23.59019914621978,704.1673727809352,72.56752768511551,154.95142314712876,5.591453229524546,17.096736192550985
2020,Cabbage,North,25.994677364015917,800.5392626431051,52.112812643467834,176.24777910025995,7.153299550928118,22.11746172627888
2020,Cabbage,South,23.459596406164795,744.8431116508548,70.94690849205531,150.18941649445156,6.708722949922409,24.611457335282115
2020,Cabbage,East,22.111994396772925,666.6030331986108,48.45632570117794,121.87452333548397,6.845134390189246,19.95949041404563
2020,Cabbage,West,27.28682263233773,635.049784222634,63.500885445147944,138.14595786254193,7.0735934181291515,21.25244449484496
2020,Cauliflower,North,27.51132899616409,859.5773960435839,50.628011915061194,119.37780217226099,6.62916811675178,15.151003973102013
2020,Cauliflower,South,26.112805417042257,736.573667682173,67.12487362330225,141.86235330480997,6.546744294941942,16.740805006245438
2020,Cauliflower,East,25.404427780366664,898.4642252253906,72.51362281329638,133.21972312165278,7.116220693228687,13.561035559942697
2020,Cauliflower,West,22.55010979666959,849.5851441478967,72.4727308371504,156.08898535690963,6.9719887347974066,14.413404803865632
2021,Wheat,North,20.798301899503734,819.6405400410927,62.9995691516234,139.782236806505,6.826046876648803,2.9949625160211966
2021,Wheat,South,28.354046106378746,537.661112303875,77.40223059262851,179.98975372483514,6.682124156097979,3.269305041644997
2021,Wheat,East,24.653461638142097,657.8243018004525,76.12365064024131,143.05060502836346,7.222889869131576,2.7616622562795223
2021,Wheat,West,27.58627596144442,539.5878708933731,74.01703027652768,149.86169163771012,5.525636666931187,2.9037215602653617
2021,Rice,North,23.1655779650525,600.3165611782822,75.08296870451075,135.95671593828263,6.393630936838509,3.85665471666092
2021,Rice,South,25.227374443457567,786.7613925487423,55.95583635173631,154.9343151359915,6.793720448034444,4.209129561975298
2021,Rice,East,22.816749413660737,744.9686245039665,56.369847604287074,139.444126867038,5.522995944794595,3.313693391625817
2021,Rice,West,32.157227327001344,761.4174734762189,47.93504625825511,124.33223770536836,5.660082648182881,3.640539833719385
2021,Maize,North,25.05810198246194,798.6694944542974,65.96616372441089,134.0233666791996,6.198654071951823,2.774078300391434
2021,Maize,South,26.046358544524036,707.617815936686,62.57723658271831,173.4826615907005,6.28744081306439,3.0626848852560995
2021,Maize,East,19.73729698557125,514.8319911790081,58.41304381909168,146.01194879834694,5.903881729023965,2.527807145955832
2021,Maize,West,19.361778155375585,664.867218994446,52.93625776503396,147.03228068465694,5.766684927288191,2.5756221299677518
2021,Barley,North,32.17648608653312,743.1821007593367,55.617853438999255,182.61935835108522,5.535179832425049,2.431898604856236
2021,Barley,South,19.745096037558568,551.8472090167543,64.2677394659189,162.16891354323099,6.321170597537877,2.7379879811541223
2021,Barley,East,29.58430978813897,602.8760936708867,53.17061122951762,94.25808398175047,7.258652998031647,2.24086084458066
2021,Barley,West,26.148218856125357,800.9254113142463,52.60605841256877,138.65176961322427,6.0872243301295,2.3301648791331897
2021,Sorghum,North,20.20881521583513,903.5626174485792,68.39161334450567,147.78624871142472,6.722661506605705,2.028616040386673
2021,Sorghum,South,30.82574103876592,719.8796708324402,70.21018558581022,131.20581399742858,7.284740741301724,2.3090765674196043
2021,Sorghum,East,26.59279567584855,737.3899605803481,73.19909146212744,125.13070705170762,7.111858732318931,1.8246426251684773
2021,Sorghum,West,23.83096958370232,733.8810648592249,66.60197140751366,138.46499812440766,6.499815913391616,1.9899652592713377
2021,Pearl Millet,North,21.891184816293578,827.752535186833,64.27737131800939,131.43721828429727,5.828043489257526,1.9205572559286517
2021,Pearl Millet,South,21.47847489379157,609.9328367542623,71.50338480711956,142.95088778926984,7.1756514398472016,2.00842195393722
2021,Pearl Millet,East,26.574377726503965,601.4033176420601,71.16041424592558,213.73839836215143,7.132896084153143,1.5809127409635975
2021,Pearl Millet,West,31.392805366665087,608.1798189539797,53.32170662465601,138.43426808517773,5.664403178963868,1.7675920576855777
2021,Finger Millet,North,22.604582466437225,475.34072204814646,63.331662763994856,165.22638365610382,6.949044004668586,1.6566992831424097
2021,Finger Millet,South,22.851571343570306,763.8356529546361,65.0553555879087,141.0768286551287,6.132667818377104,1.5414509925805506
2021,Finger Millet,East,26.55546439950531,600.3008735409172,57.09136593716295,163.32539839914543,6.485219357705653,1.3197582271292667
2021,Finger Millet,West,18.312622311826942,550.9910944024699,80.41076324576908,133.55104680836223,6.684214426942086,1.314813728376184
2021,Chickpea,North,23.47131224298754,636.8763779821431,82.04981980878938,187.1924650963644,5.928679758685951,1.167982231942088
2021,Chickpea,South,21.7043944646308,565.229322885966,87.39859317070265,154.86620009764516,5.723099814693715,1.5979984717570799
2021,Chickpea,East,28.53029619362182,642.7015828649761,59.826802512809245,110.84066641147022,7.42396524000068,1.5176984061009817
2021,Chickpea,West,28.40139197578623,814.7549906116722,75.70815606865018,127.59166667570011,6.3186859276578895,1.2982193084037636
2021,Pigeon Pea,North,30.56550304210412,913.8881827686316,45.950229880511124,134.44472541779837,6.289897427354526,1.0639248458765957
2021,Pigeon Pea,South,23.66570130203164,881.2174310208152,65.7330562294954,99.7508972543519,6.5475019538370605,1.371160785016399
2021,Pigeon Pea,East,28.563198989993822,752.70879091475,74.52710829159015,115.08437585407623,6.567506641187572,1.1353971587416842
2021,Pigeon Pea,West,30.45041041103885,784.6108237923229,59.456590657844956,138.22936513563187,5.809622481193652,1.1004260116534574
2021,Green Gram,North,30.228480587736932,592.0408099055884,65.0558793300475,134.09503896994678,6.897196573454078,1.3151209028788062
2021,Green Gram,South,26.54637309377451,608.5429129319286,66.72358831126623,88.48129505158474,7.2050460136435275,1.0836737417670574
2021,Green Gram,East,27.419354396890526,898.5084262055257,84.28307326348761,162.28500698861905,6.2648874101083205,0.9794683896510441
2021,Green Gram,West,26.61993581698266,847.4701329814734,74.13746462831664,204.18400946858,7.497295769868441,1.1639132445652893
2021,Black Gram,North,25.332509136076666,527.4279458837083,45.45006950387171,127.52406814259191,6.656189814919418,0.9372711091711099
2021,Black Gram,South,19.131949102896932,956.296496382286,70.09420831463291,120.88532629903936,7.059296411495934,1.2073715422249711
2021,Black Gram,East,25.037041703493312,658.3533412316083,86.43702955120003,134.88715348600513,6.4835879601253135,0.9556488622196114
2021,Black Gram,West,31.905895803949814,515.4153069029134,62.778075928914184,146.77907220299403,7.407538792425655,0.9607980969095552
2021,Lentil,North,27.105708029765502,666.2054041807243,63.25504431479347,134.74294221305354,7.1453122454207705,1.0819309031896978
2021,Lentil,South,25.823199654355793,1034.342513126415,61.35259610705338,176.07764086773005,5.931382735945771,1.3671870917748778
2021,Lentil,East,21.357161362922792,622.7710070796596,69.87927298123715,146.38780396388927,7.242714682464415,1.3456740117514092
2021,Lentil,West,28.474095411697895,639.0480113405116,68.44591947185481,158.7456978170022,5.958837353031427,1.2399240065681425
2021,Kidney Bean,North,26.174430162313463,578.2626966197098,63.7383063613142,186.26956945508053,6.860425808837765,1.263708988762799
2021,Kidney Bean,South,25.675756198743038,807.4914101935543,76.27923724215135,197.1921644752011,6.183232124934669,1.091748788883359
2021,Kidney Bean,East,22.755096919966267,670.509382693158,67.5621440394417,150.85259074718093,6.937638087347055,0.9862921911672649
2021,Kidney Bean,West,20.71792565604405,807.6975356942679,51.3412563708032,135.39427267019786,6.935073727025254,1.3482156296931864
2021,Groundnut,North,30.165381514743537,627.3525070610043,70.23484552476974,178.2239183795737,6.8664166190951725,2.0227010627392628
2021,Groundnut,South,22.312084737402504,594.5357240498898,59.69330530088449,192.41643258108047,5.9165627172501605,1.674213780366509
2021,Groundnut,East,29.516929520763934,818.9614713696444,65.60310775387478,158.424846002414,6.4624869107536735,1.558118955842606
2021,Groundnut,West,28.538273404421282,700.1492731400909,67.11489542366546,130.94380555598624,6.38262222477692,1.628604125173302
2021,Mustard,North,23.989603722602126,519.8662361234732,70.48869700891358,155.15089020266018,5.866586727118843,1.704243974672641
2021,Mustard,South,29.22090904579924,400.3936444322221,65.85551151910735,165.12356817923853,6.140503460740362,1.9192946545076404
2021,Mustard,East,18.386941953756985,689.8890737061723,59.7264719944431,165.29909136018986,7.0866363426689,1.4885823958594933
2021,Mustard,West,29.232557756225322,703.7331229139797,53.90170789255307,176.41826076939196,6.354494392463408,1.7657788569353308
2021,Soybean,North,23.136682093159553,847.5162903697787,78.28550977934047,146.3289916994213,6.822226482288786,1.917071732154303
2021,Soybean,South,20.526108352433305,739.3331004996064,53.09124817630077,169.6758367987462,6.628682335746301,2.2401691832542205
2021,Soybean,East,28.9305845681629,836.7198573714426,63.424598188166556,127.66034555719585,7.427366544521004,1.752229537265563
2021,Soybean,West,19.306967919117938,719.6072376067057,58.617423028457765,215.6326395067228,6.225640060942663,1.9933170348014384
2021,Sunflower,North,29.794436479958957,757.6069224610857,60.9098978870025,155.52175101998472,6.398011158494086,1.5354046233964478
2021,Sunflower,South,24.519672147556648,690.5773791156987,63.12873611644085,196.37796432588365,7.156217018536615,1.708221108189933
2021,Sunflower,East,23.938753966703516,752.1901974955975,61.21032209269005,174.98026769760816,5.84810222273007,1.4228272268087823
2021,Sunflower,West,23.2298634050525,789.1235052727296,70.28947381012625,204.64244722720449,6.313360368193317,1.465145727866226
2021,Sesame,North,29.308898439141423,1156.7897361886578,60.85901804463331,163.99370068974758,6.554882091115557,0.8841812608662424
2021,Sesame,South,22.276055288765814,684.4664478649607,68.93301891378586,155.15682480489022,7.2424020725833795,1.039707077567482
2021,Sesame,East,24.35399709713451,537.9242166494269,59.92426103563876,125.15842296122727,6.981625183020046,0.8068682809039462
2021,Sesame,West,23.06247873888385,856.6970326272772,69.72255876565745,118.55740022217852,6.251922204322708,0.9820529764378969
2021,Castor,North,25.47129595193149,729.2726893680821,72.40099348097435,145.36516133288262,5.735974416648791,1.5194229634310235
2021,Castor,South,28.946122728202116,468.51392564712563,60.72182195153757,137.87611137805962,6.2575028968813475,1.5966230204315264
2021,Castor,East,30.423598244725206,785.5998306851737,65.59108807409827,135.3474369569157,5.64032387242198,1.4962755860876225
2021,Castor,West,22.07316179767202,729.435673184982,74.39838154705305,130.8523997263488,6.365229865744091,1.5559495614595182
2021,Linseed,North,24.767269899133286,608.5218342808258,69.7449289632026,169.0050408156383,6.681999918171908,0.8792592374087688
2021,Linseed,South,28.836621294101125,836.0764868882209,67.85529460286658,148.54451411133357,7.09310724620264,1.2455789192842281
2021,Linseed,East,24.076549669831298,858.2599935820932,73.02650650251921,181.63807303546352,5.637561315395318,1.0552312798672516
2021,Linseed,West,22.454662301659678,614.592000311174,61.093810202426496,98.68043917073686,6.864452753411982,0.9904830314733373
2021,Sugarcane,North,26.71648037319276,763.438911271197,61.312203948952494,151.74782093744705,7.305825783933538,65.31698548308546
2021,Sugarcane,South,23.292330371097098,322.8133668306612,59.3798904814133,157.40725871208588,7.145167464322864,71.83461596388209
2021,Sugarcane,East,24.082648086938985,782.9198629595712,72.58636000840507,148.10978665937833,6.515700145435123,58.72634212999914
2021,Sugarcane,West,23.479787728165224,516.4882082804944,72.93482960406286,145.63222405175063,5.994353938021212,61.930948041154046
2021,Cotton,North,28.702780093826888,670.8282648914608,70.0682714558212,147.9946186167252,5.769317853248371,1.5742114536556782
2021,Cotton,South,31.027781781527537,768.3830288958641,64.05544195262283,155.7778317762378,7.444442741934012,1.592841830787906
2021,Cotton,East,26.925509057620058,775.7074278884778,66.76485538367105,145.78272412544683,7.323366008659471,1.4878061825292497
2021,Cotton,West,28.678066229146307,518.693233362541,62.78103264442167,177.91534172944807,5.948381397678798,1.3387152242086806
2021,Jute,North,30.893339920969453,957.6554489658141,72.4211642544264,134.2388702301705,6.893427200706057,2.390058237269167
2021,Jute,South,29.188265815051007,542.1227417482778,56.0761907844381,142.25475532095007,5.820835410865218,2.8072286724664886
2021,Jute,East,24.641478059497473,550.5391522781903,69.66677559793216,141.8215738340432,7.434242356509495,2.258952773317162
2021,Jute,West,22.684328874442137,777.4351659545042,72.77891536453843,147.1766669209522,5.925356256019398,2.4193496688976013
2021,Tobacco,North,29.342202995049636,1040.1295759191014,63.982751764346155,174.41244256932222,7.287779525444384,2.096958231393909
2021,Tobacco,South,26.23321225307662,644.6016024774764,72.18627040440299,142.43391884109025,5.693396771092674,2.4675705699444355
2021,Tobacco,East,25.031732592466746,777.1762670578266,67.1903354022896,136.58615614657433,6.968008509087369,1.8138596570038703
2021,Tobacco,West,21.82824561393969,644.0341280799037,56.66705679898001,155.824441121424,7.1018753916417126,1.9246365130216525
2021,Tea,North,21.463517232504824,775.0856787898643,60.92563328479535,171.61708173741278,7.165303004505281,2.341093486277718
2021,Tea,South,20.26970712226166,728.4290725964743,67.71623029923373,229.6643727952764,5.93053754806572,2.694503946681598
2021,Tea,East,25.663587339699383,751.6769473967536,58.23089884295819,125.51921699608917,6.79441826898982,2.0396135402952247
2021,Tea,West,31.78856067394421,711.5269019483956,58.183304927037646,153.87867546706175,5.654823348450586,2.228387143080844
2021,Coffee,North,25.091547862378558,570.5308793947579,65.23664978155475,145.35195884702426,7.4235814952524475,1.0365871615921711
2021,Coffee,South,20.485621052062264,821.7370439178325,48.808547112136445,111.16359665841837,6.640496249894799,1.337147423235623
2021,Coffee,East,21.325772203142314,664.3666896907694,49.978531170877524,159.54111988602418,6.374553538228781,1.1329512683541314
2021,Coffee,West,25.221189399945867,898.1089773027495,65.83237140217256,107.78393163578372,6.563642723283886,1.00144402450873
2021,Rubber,North,22.64450139948005,910.8770771663418,59.29956276812104,121.1680586647148,5.571618588835461,1.8430878112239428
2021,Rubber,South,27.795865034351426,586.9795615314467,58.155395563903724,128.84307352810805,5.5776239620536945,2.2396810140162926
2021,Rubber,East,20.226489634373856,706.8469259022788,56.01679075138534,191.69494832511288,5.666938590363914,1.6675236195499574
2021,Rubber,West,21.58677683250877,765.5154639569831,60.914022920649074,161.71399497704854,6.910088943651069,1.6731477242389456
2021,Black Pepper,North,23.511906076767474,555.0546665852564,62.30513460636359,176.07347948717444,5.6223597618368135,0.6916724007318392
2021,Black Pepper,South,21.411186837118045,731.2850900819775,69.778883837864,173.8040055881031,6.941996840089808,0.9657286358921036
2021,Black Pepper,East,32.12912408602656,883.33664581405,57.912520596279116,169.40733976868304,6.242533848230142,0.7353327640969154
2021,Black Pepper,West,23.45660861028405,592.9247176555629,52.99904135847089,128.21702259573786,5.955520806186577,0.9075787055727713
2021,Cardamom,North,25.87160234005025,651.785218618901,68.41950582466708,104.83601484413627,6.768073946827217,0.6941405524987442
2021,Cardamom,South,23.508793029184805,680.1551052283883,62.49635034778161,101.95035103031537,7.048533488375427,0.7795416352480398
2021,Cardamom,East,20.325739955885286,926.3666541719851,50.83154558130254,132.40859056712293,7.023441782190376,0.5015402455114542
2021,Cardamom,West,31.40524602679039,589.6724131942652,60.061527815542625,128.02586465893896,6.449092852896348,0.470166455544155
2021,Turmeric,North,23.898931584869345,578.5015483064473,57.983990698144716,144.7506509656619,6.566086575777167,1.025559876184437
2021,Turmeric,South,24.56594271777297,650.3648593798686,61.44028306539288,203.19214150309554,7.415085114894145,1.2012690541220152
2021,Turmeric,East,27.320500955540258,518.2564371102538,70.76179213524327,163.02442183729428,7.001579349897016,0.9446832301802061
2021,Turmeric,West,23.976460352798572,609.8324304620794,71.27832523442736,111.29779936598125,6.025579944710838,0.9326934813179787
2021,Ginger,North,22.849198605243572,637.7848737771664,68.05241260711409,151.94921180484855,5.772902236540917,1.351780325298955
2021,Ginger,South,27.939429069400596,691.5461747229424,71.65667699960477,159.22578015340946,6.90589858235734,1.372276008914503
2021,Ginger,East,26.289685104114724,949.2025736334471,65.55202800589649,129.56046033055773,6.125044542648613,1.09654237474421
2021,Ginger,West,20.35715345992134,835.1324879475685,56.56732997443194,175.48783595132204,5.965829121778067,1.1522174548705364
2021,Coriander,North,24.287118480195964,705.1262921605213,78.9813004450472,151.29164339256025,5.896154240117264,1.1733723949515757
2021,Coriander,South,23.25487387627833,830.5475526224886,71.31860856334148,185.37520160714655,6.273540417205915,1.157989870888061
2021,Coriander,East,28.326906468406023,478.47942483884515,62.81560733987874,81.74705463073585,7.212706697627017,0.8030442668710835
2021,Coriander,West,28.127240645158974,690.3209535037007,59.66299439997309,174.47261381154559,6.371938532000756,1.1395365655486311
2021,Cumin,North,24.048430392553577,648.4073365498853,41.057948810051535,124.65020105522572,6.366816434743681,0.9475159467888306
2021,Cumin,South,24.991969282569976,534.8005010868967,69.85641400860669,114.69242139382968,6.616384470599515,0.9893206173386502
2021,Cumin,East,22.26989510912738,747.864393902406,77.46902413656069,95.15880184352815,5.624140273417022,0.8802212736752737
2021,Cumin,West,22.11272013410804,743.7133686988485,69.0864131153874,187.84995546141275,6.586890377083785,0.6847359782918888
2021,Fennel,North,21.701830145085648,755.6449398439626,51.72510032616184,114.41162147574421,5.507097983729542,0.9797265785152838
2021,Fennel,South,25.25601932738468,750.4013619042311,75.97895864749042,171.6239551459419,6.0394340081650775,1.0400247476721554
2021,Fennel,East,25.088569147478736,918.6400466296948,58.48397926174066,133.95385543086732,5.527986820340925,0.9952729935379064
2021,Fennel,West,26.270732850974195,811.3878819624982,56.74354149290092,107.26851673256704,6.375651623268809,1.0812457111247773
2021,Mango,North,24.16784270133612,1099.1740018862022,70.72728332903047,172.79375309930663,6.811668775234811,8.26713146209996
2021,Mango,South,22.8603855910659,594.6212444460375,58.992797072353454,163.03987900881268,6.630944263100501,9.273359719730022
2021,Mango,East,25.074461663874402,717.8043633630828,59.42328592657563,116.62369200146176,7.145432427631766,7.358211824827225
2021,Mango,West,28.691834002725173,791.4540651527408,64.81775495643932,170.240706951554,7.010235578610835,7.809721519072077
2021,Banana,North,27.016373532843943,513.7771319886187,58.8403033799633,167.53518393843353,7.095953158676371,25.375679279818936
2021,Banana,South,20.454226201043177,652.5138587966586,65.72054563001947,120.30249052914792,6.472640454498053,27.844847404399825
2021,Banana,East,24.416209190798284,570.237877331871,67.63938245427418,151.64523283541365,6.398369536783944,22.81996154105498
2021,Banana,West,30.755147231512034,556.4668524416992,72.99955474648824,125.0474834941117,6.443174132918305,24.046840944134768
2021,Apple,North,22.804422370425808,552.273944994957,73.3457884928347,97.24943049532195,5.7822836029514875,10.214765420296116
2021,Apple,South,16.599674421282348,896.7087037303953,54.241156994666355,159.65083608619403,6.1349985751891385,11.414993564870505
2021,Apple,East,19.623845783784468,721.9102182671026,61.63211305589459,152.25103959667396,5.663183260773854,9.056415135237664
2021,Apple,West,25.514090272189755,996.0714775150784,63.74293403022495,147.9271236750822,6.462862405624012,9.92401880219485
2021,Orange,North,30.198187498007325,627.0643049622513,58.86504379905671,105.37640077020356,7.464979663588124,12.329447838501023
2021,Orange,South,21.380768998137615,760.5244592255909,49.16536244002879,146.56970742389498,5.629813392429339,13.608591311382902
2021,Orange,East,19.88142597283707,675.697093142891,57.45575723525564,140.82152159720806,5.769668302904424,11.007324557936501
2021,Orange,West,27.39463974387139,889.2604600872704,60.21549341080937,142.75577258177577,6.276927285221993,11.507237017173717
2021,Grapes,North,25.454941208959887,680.2980086405128,67.224074279092,122.9648038009681,7.2844617198977435,15.234983615648227
2021,Grapes,South,24.36860995745523,897.4289897229594,62.57158276245065,144.70610605372534,5.671420186876568,16.76220109902464
2021,Grapes,East,28.081367032292412,892.91620805446,70.97098593460298,149.1170785101276,5.981097696429174,13.817557879418736
2021,Grapes,West,24.39196097478648,769.2202851376323,55.141984039400775,171.30481871240042,6.461625578593532,14.787390474229776
2021,Pomegranate,North,23.75642778719332,825.1836128864908,80.81288267104485,163.1615453352967,7.382443270190581,9.343873855997089
2021,Pomegranate,South,28.02538981907068,679.3166613558028,56.83337850927391,145.02612982860285,6.1691155856621664,10.256285217931445
2021,Pomegranate,East,29.96534406553762,809.130909647559,68.99131520771532,156.86150444034604,7.2678367928685566,8.584368730929569
2021,Pomegranate,West,27.408587588416495,807.9799789067653,54.687502946975684,121.75640835671786,6.486030923401875,9.014377135448697
2021,Potato,North,27.70119250394835,733.5426886547488,67.40437958720798,94.0893449123709,7.058190511625992,20.32950874182744
2021,Potato,South,23.054355432877614,1040.8341852855556,63.5132806631747,120.99916029518023,6.852209286508317,22.186748325663366
2021,Potato,East,16.06862978343451,796.784114522199,63.78960768184234,156.41713077228695,6.210471034661005,18.325752468703556
2021,Potato,West,24.450384985780417,971.6138142579053,67.02755719270792,120.6068234574387,7.257261852346014,19.313216902347722
2021,Tomato,North,24.904415396354644,758.2040443493544,57.578285661725054,154.81996981265672,6.418259815550873,25.31599299751476
2021,Tomato,South,32.27182265121643,743.938489162905,66.37876981683752,167.9406704454413,7.235584909503448,28.00622302225386
2021,Tomato,East,26.816046049135487,663.1117076526273,68.55293140934732,136.58864712442664,6.9157840613958665,22.774772290051384
2021,Tomato,West,24.756787776975926,770.592611410278,67.69939420712213,163.19534711508942,5.793006681010837,23.96879009752364
2021,Onion,North,20.929429838324545,824.2257092914849,64.62600436877838,130.0064277972367,6.343363293705789,16.2563444832885
2021,Onion,South,26.784370411243003,628.7490994310083,75.58038770265328,128.51404533011723,6.346478882980373,18.102467965827735
2021,Onion,East,26.82035394086301,731.6138234933085,65.73905167199176,140.00758772910024,7.398194177856853,14.68276734170198
2021,Onion,West,23.853271221355914,824.6172717750497,81.15359402169011,172.56695356748122,6.992612338975219,15.530095453936772
2021,Brinjal,North,13.41312773452989,684.6761611659533,56.22085802152811,150.7610389857037,6.404376209025173,18.2799235719681
2021,Brinjal,South,24.27850034042062,432.2065544357782,67.4908190641124,127.4630052785392,7.489699614123586,20.28960730437927
2021,Brinjal,East,21.888021405095973,614.0841242203472,61.67083826790618,161.33900075661472,6.9188055394386625,16.217750972780507
2021,Brinjal,West,25.430687079346512,684.1848847476285,67.35073316947066,152.9473223600108,7.2564133484536875,17.505918431903005
2021,Cabbage,North,24.336543611192546,640.0572802708738,75.82726809809563,154.67713937830226,6.796552048854079,22.28595070342887
2021,Cabbage,South,25.77273801209419,642.3301542720678,67.02546956559439,114.26832800822137,6.514005980992344,24.637329765508525
2021,Cabbage,East,29.22271389915338,852.9401107115947,68.33967225090532,152.0285957962405,5.813538874670004,20.124265869217048
2021,Cabbage,West,25.362074140083006,587.2817141919212,56.91527517473124,143.64063957433595,5.626030781385621,21.26934989583803
2021,Cauliflower,North,24.08799669785168,755.1362902469725,61.18784691809125,202.16054287657252,5.804341432226259,15.19226783869788
2021,Cauliflower,South,25.16790125829456,661.9599042434212,76.42456649521989,165.8520234188244,6.572699255799112,16.89142990633335
2021,Cauliflower,East,24.18897905626168,540.5308992351356,68.29055322582266,157.39699042431167,6.022254923118161,13.756030785673932
2021,Cauliflower,West,27.192268582469385,745.7755153099113,65.85716263790054,144.39397611129533,6.582858788609993,14.529321070775854
2022,Wheat,North,25.762421782388152,1095.0592566933312,65.76092618383474,146.0475874409372,6.302907640607544,3.1112391694678405
2022,Wheat,South,18.55746528378735,580.5771452031511,56.57224772741378,141.46921947441447,6.837050276892228,3.401643886367463
2022,Wheat,East,23.747653092834042,897.7474678404732,62.4474966417224,127.13365661685675,6.977114081267113,2.844604157929894
2022,Wheat,West,19.877701268653347,734.6951470681418,49.72083865323988,107.14371457806726,6.753943817612207,2.823258728699789
2022,Rice,North,27.184225508515794,832.1812179613005,76.56907709752059,158.5712098019999,6.484790250961039,3.7788294040836083
2022,Rice,South,24.030091703889923,680.7633539592118,71.59612124814876,169.96192526113117,5.526266747419868,4.235800153908454
2022,Rice,East,30.881453072444177,646.9933140722527,50.178323721077774,193.97511545032222,5.535233014282214,3.3484426867795487
2022,Rice,West,24.118659138048354,684.671027406344,60.20253905925761,179.53642643711203,5.895213162781717,3.604829282455507
2022,Maize,North,21.845052386132334,703.7135680141749,52.37103881256715,174.09676297498515,7.044815444246483,2.7116861982422464
2022,Maize,South,22.765731529646835,889.5042457331368,79.63686333689824,146.31062089007014,6.8427820096499765,3.061398524462663
2022,Maize,East,17.84455992148826,624.5115161182093,83.10055046668255,137.38211345412122,7.197473985186348,2.5773955443094385
2022,Maize,West,21.340273447392736,846.5606745619764,80.83341814167255,171.5576596103632,5.846722024943867,2.596358606071914
2022,Barley,North,22.9220244864254,547.5837315723405,44.64739585012751,124.724028431645,5.967735487274752,2.488823456910751
2022,Barley,South,25.11570649476065,788.5170212681527,53.608700228559194,182.19325666149908,7.493650873622481,2.537213686567001
2022,Barley,East,23.39727512801821,680.3239735331226,73.0385735340633,139.41408542051806,6.992837879474678,2.169807360592892
2022,Barley,West,24.7636845117493,755.5297219868294,55.105259287012125,174.38534329822198,7.496590348363813,2.4099556380663048
2022,Sorghum,North,26.702672231234207,625.3870020828323,63.11215920906443,137.75139947565094,6.528376361842023,2.0457991431983777
2022,Sorghum,South,22.672736308649977,621.5335559967342,64.5502368091667,145.17737684942878,5.541988141702908,2.1583078942897993
2022,Sorghum,East,26.302936200707844,681.7061483000978,64.3300208987863,184.73212822733996,6.809696124778256,1.902129978292293
2022,Sorghum,West,20.910690758255218,766.4298741784517,65.79457747230592,134.80653120356413,6.732760052297668,1.9692147874811323
2022,Pearl Millet,North,25.64361106850953,519.3477366692722,68.53825310664249,128.3675181216287,5.709808772698622,1.8036324392115108
2022,Pearl Millet,South,28.25234963771472,1008.0541895803344,75.83164612094305,165.68331610535537,5.6763601224817055,2.01772042745857
2022,Pearl Millet,East,19.88605878278723,522.1376712341256,79.68729920160663,108.03747028629405,6.425874667154367,1.6839505823602723
2022,Pearl Millet,West,25.565837025925035,891.1806358970504,56.236240359557144,165.2684514753644,7.3345911932297705,1.4544649138915138
2022,Finger Millet,North,28.24185054842172,832.312659880255,74.96445451746901,135.38975563279402,5.833132500168812,1.4862704720322457
2022,Finger Millet,South,21.379956984289812,788.4440429910576,62.97558334934513,163.34956015080388,5.558635217557572,1.3944283548378968
2022,Finger Millet,East,27.499011350521034,697.4918678046312,73.09236288683661,172.40968520385834,5.709239701098658,1.2654230680295824
2022,Finger Millet,West,28.691405098503655,488.7518461726018,75.78700358670437,130.0634869298394,6.647822812066796,1.266335964564294
2022,Chickpea,North,18.180623296878757,687.7581895632131,58.96996527546109,151.37158217890354,6.236633011252251,1.4299175189988902
2022,Chickpea,South,28.4087894498832,632.2777858987379,59.29239592948793,149.70500818558364,6.437272083711219,1.467592986141664
2022,Chickpea,East,26.48181170856659,713.6000497662397,62.334008141431376,133.36743193926355,5.571724796909317,1.2999950487760779
2022,Chickpea,West,24.587935364816637,558.4354531285952,66.45182305503245,116.79120521217831,6.377474415020824,1.3445730358519739
2022,Pigeon Pea,North,26.46268933910205,957.0710298372317,58.34423113537175,164.86272506578675,6.977099748740219,0.9224341088683675
2022,Pigeon Pea,South,23.299548270239622,670.5332325901484,62.86964229140846,187.79200009357572,6.235063895856234,1.1383347266111046
2022,Pigeon Pea,East,26.089308792062656,881.2325751460322,75.77727434726884,165.75232895328762,6.951383697829492,1.1619736820575386
2022,Pigeon Pea,West,24.65376776700413,758.6690901509816,64.19346590642445,145.07358673198496,7.435198386640501,1.1878181188397419
2022,Green Gram,North,24.18649228634562,704.1245346093942,69.15928057869269,124.508866606374,7.4815243110787595,1.153922179046802
2022,Green Gram,South,27.17746344411639,767.3920642261667,73.481231317966,141.9182015071183,5.6241021052708655,1.2900041058406446
2022,Green Gram,East,21.762092902575056,731.2046833439024,68.96476571918154,155.00242796060184,7.169990044409643,1.149514767693571
2022,Green Gram,West,27.39925781700364,1089.6460134821582,66.15812392894112,123.89532052839942,7.11915852182997,1.124392830536537
2022,Black Gram,North,22.852762387319544,847.329837872194,53.83411595144952,156.12469287931276,7.088686687970876,1.0394067638114817
2022,Black Gram,South,22.623279705783645,822.173145885608,72.26578019273383,158.34862619997597,7.146419884361272,1.0568665014327085
2022,Black Gram,East,20.87529104250595,813.9769508404587,63.54875172226248,173.69551941031168,6.327033708757198,0.825259794191112
2022,Black Gram,West,22.664218248784877,674.7057027328887,59.9121857871848,155.39340046518478,6.9742139608066065,0.9887918722152125
2022,Lentil,North,21.286378806694483,923.2787083343479,78.09187348506558,134.25860254150592,7.301589400525739,1.1602981918342157
2022,Lentil,South,25.1740448874782,677.219151217609,63.78677062372637,120.82529544648341,6.435552529972069,1.4514153061390629
2022,Lentil,East,28.780009798894092,794.2451653599547,47.63871249151876,126.11495337233619,5.979559477688095,1.002399929777888
2022,Lentil,West,22.16361506068534,610.820546711558,66.6369458047237,166.49306173469427,6.565771273281739,0.942722457385045
2022,Kidney Bean,North,27.429860015646074,649.6481292541025,72.53863378916786,152.14879151570153,7.121164867621082,1.1054275913693168
2022,Kidney Bean,South,16.899338636465025,592.4764645998488,62.75980613662584,128.39569802065088,5.593036992690138,1.2100483688085242
2022,Kidney Bean,East,22.061411098863875,775.4600077082067,71.47876848895541,146.28926497339535,6.94838489330831,1.0104852411194445
2022,Kidney Bean,West,25.610574265644615,748.9558868772367,67.35008734042697,114.98363478392733,6.721837155034523,1.0514010529803195
2022,Groundnut,North,24.05975902264304,938.4169728449276,49.43798642431,113.09506398235227,6.509249365863395,1.9321720892180423
2022,Groundnut,South,22.858862608403193,647.5661575662433,62.36210839928564,149.6484844949824,6.742523511851099,2.1182604537348855
2022,Groundnut,East,30.430185131617996,805.847318436024,72.00284861876641,147.08594612001903,6.1105330760245335,1.6517839776053829
2022,Groundnut,West,27.069981168192186,926.8398020897877,72.05397120608009,163.91794941583547,6.864366332305556,1.7670635857852874
2022,Mustard,North,23.9531652050388,751.4469178569033,59.80738933146689,126.720868480576,6.88712491194094,1.6758728530150784
2022,Mustard,South,28.276119320396965,576.8067985098851,74.56906973672886,134.66865463374822,5.631380858681293,1.8313764377278305
2022,Mustard,East,25.033372392567177,827.9230278574638,64.17934911807298,123.21261536670545,5.828798610350521,1.7291696325011445
2022,Mustard,West,25.465702287562166,865.7281349465363,74.24908598916511,174.20937915883698,6.745156980442598,1.6018598693947599
2022,Soybean,North,22.683425183687138,719.0265638733473,55.756762633725494,137.06395851446192,6.2301697550137405,2.1089358757864733
2022,Soybean,South,20.52743922295563,669.3459045590231,70.43628476155003,126.74891927311228,6.6597911964555685,2.264037649567583
2022,Soybean,East,20.636312882966465,725.0764604767967,64.56596317708681,117.57718466820043,6.967853447264973,1.9518332707009116
2022,Soybean,West,25.01893988140908,852.813234492737,59.97211312401403,122.43785740576335,5.632817287738589,2.07815494127829
2022,Sunflower,North,19.026096456573807,722.3912016184373,62.71513186088764,136.26155503555128,6.819408964294183,1.512409654785614
2022,Sunflower,South,24.2932853918557,721.8957973849759,53.866435090948684,136.4960356746949,6.867646054907007,1.7362414904342824
2022,Sunflower,East,22.807462878893006,917.4512911716379,68.74075547211424,192.80981545871091,7.486342166388088,1.236924363292405
2022,Sunflower,West,22.13732058072796,962.4527032794705,66.95188950398118,154.79805012590282,5.67935651331876,1.6263935126814366
2022,Sesame,North,19.999497345653765,815.8753248886819,77.42737189122315,151.7702292213413,5.938158671335059,0.9060643072444423
2022,Sesame,South,24.892578125848765,705.9811467194352,64.03067285757596,140.17370260303133,6.451140153507307,0.9639200861773899
2022,Sesame,East,23.494870626227073,917.7769107830387,67.41103739930536,181.3404693058448,5.945169674330861,0.8146587206315307
2022,Sesame,West,21.346969767988462,662.2815166351104,47.42842990685521,161.77172148438453,5.618496904799455,0.9476838689920443
2022,Castor,North,27.20985979870171,945.6908810786063,47.87091427224075,161.49953987017753,5.985501742656453,1.6059028486698723
2022,Castor,South,22.438959820335107,734.2188309541148,79.10788485934195,127.67423745228703,7.218155388900685,1.6057732004858745
2022,Castor,East,18.575664376284816,733.7210974262299,58.14262100886636,162.29536002719905,5.974335362597193,1.5311519953566686
2022,Castor,West,25.115299210714213,848.1855253223788,58.50158921053974,143.139891360372,5.670480595592307,1.5563435684082858
2022,Linseed,North,30.2847668454072,573.6980809154664,57.20751874465422,101.20643477473877,6.276815667743904,1.0484814241385847
2022,Linseed,South,21.19663430721504,875.2051201245265,73.2542562051515,136.4961786286913,7.361615307705968,1.3268632768628283
2022,Linseed,East,27.879835149167924,665.671422511323,57.71056331885121,127.10470489561189,7.27790451138128,1.004385975719286
2022,Linseed,West,25.234915307079664,723.6090795231188,48.24479981034635,148.61955225817823,7.325516463893477,1.2407082055033265
2022,Sugarcane,North,21.62383501525055,772.4463082625806,63.68859218595587,160.05655861660944,6.1679070465787795,65.34241954909798
2022,Sugarcane,South,28.011405668906598,828.6309948762737,66.22919303437295,157.97802104671354,6.8247432487924975,71.95923200432546
2022,Sugarcane,East,21.49132142371,781.1322395706535,67.27648681060433,132.0864811077318,6.631047060763144,58.702722789519655
2022,Sugarcane,West,29.717477948451123,651.5532740381195,69.12412507212075,124.91639840634782,6.706564638901177,62.023386423663105
2022,Cotton,North,20.53019138607933,577.6658212197175,49.33182930254324,176.98794855120894,6.808234968356022,1.5191078755281975
2022,Cotton,South,30.381060777063144,619.1914024506322,53.30206112767342,130.5382271581566,7.109059199450002,1.6676676228515075
2022,Cotton,East,27.595720488547272,711.2333341170571,69.52845967065653,137.9129022899046,6.917714226408549,1.3559183742700087
2022,Cotton,West,26.519138496083986,884.0374683224538,67.15831455915107,159.21117572240607,7.318942138530365,1.4019545613262054
2022,Jute,North,20.376285599925225,736.9529810342933,71.20115640489145,171.46507391561246,5.519461920311046,2.6308996378370053
2022,Jute,South,20.158295633563025,702.4276264441265,76.48515776079375,170.21351895805483,5.7863126233281434,2.6432652882493315
2022,Jute,East,21.055602698336667,485.7138665113933,65.62633945205417,140.7460937932712,7.093501434660468,2.226968642641563
2022,Jute,West,27.43729854088122,853.6418863738174,55.736530402149555,148.3900614843823,5.756309969126265,2.057536738204513
2022,Tobacco,North,28.396088771195487,929.6144998513003,74.38158061748054,138.09955631002643,6.636710091973241,2.071490194953285
2022,Tobacco,South,20.481746568020846,994.3873052531501,75.01329236378668,135.1670941355764,7.446937792989479,2.358123628870706
2022,Tobacco,East,27.09089122311262,552.2896020337756,79.91599778709937,142.68456211550563,7.489324597744509,1.9893457716815632
2022,Tobacco,West,26.811062323939538,567.046268901758,63.710518094245465,175.7297647550895,6.407497907875102,1.924509787656375
2022,Tea,North,31.624138142630645,774.8761049650078,59.07596458143943,151.10477491987655,6.298661665854374,2.3149565496980133
2022,Tea,South,27.17251887635704,833.0968281915193,60.95298486300496,165.46748034730646,5.929437455085784,2.5748595645734227
2022,Tea,East,25.799140602833834,749.6013159436145,63.59805309628551,129.78014703958922,6.591554306449876,2.1523202102562706
2022,Tea,West,26.736220527248577,711.7170652844424,75.60032102600167,142.41029827947716,6.9851863692844605,2.0807910944282435
2022,Coffee,North,26.592143317134912,925.3766806700512,64.24034904397503,155.79491773811574,7.304907078411041,1.032267788127367
2022,Coffee,South,25.24931835631178,714.3676957765734,65.91119935122548,144.0707342218517,6.162008671966363,1.0444494644830251
2022,Coffee,East,27.290598097427626,1019.0312463698381,62.47394530224649,165.03603984026518,6.962262217928847,1.2065526905278434
2022,Coffee,West,24.90651890559557,784.2567709849201,64.20289916492288,141.06577160701178,5.771475062521828,1.0562616155163618
2022,Rubber,North,23.20494477671252,654.0951261750092,38.99733219043435,202.80223318132272,6.223614736070981,1.9689208992732845
2022,Rubber,South,25.534560770075128,890.5626365097704,72.06165637350506,150.98748035836007,7.129157452005337,2.1538860565256
2022,Rubber,East,21.70421684252051,904.8229875691821,65.80588646497075,204.4388547170193,5.799942118926994,1.542369433888642
2022,Rubber,West,21.80343080866732,1131.9780153834595,65.49789913912247,185.38577137635372,6.812466864587264,1.7899549965013555
2022,Black Pepper,North,21.599222021824254,870.0355033038154,64.76926467717844,133.66296084435496,6.036065931903785,0.6457530034180587
2022,Black Pepper,South,23.23758399695057,698.4922180559839,62.000642623595404,133.56146040341832,7.087329962071602,0.7365536183259829
2022,Black Pepper,East,23.83461378806294,779.1588909977704,70.31608448894886,133.25234569154105,6.05804035483729,0.6811848456731056
2022,Black Pepper,West,22.34927996833133,796.4544834179935,58.81621252666703,177.4268826603157,7.168013826146772,0.6215266144736128
2022,Cardamom,North,27.429207249384383,765.414576501507,55.339337134253256,173.04539589878675,6.0112873431179255,0.7701949366194887
2022,Cardamom,South,26.20847837982712,765.8662388065197,70.14782516168967,177.43576522102595,5.589451632486203,0.5378139345602189
2022,Cardamom,East,19.85616562410513,381.15740495364247,68.45332947086393,162.26692761361835,5.805464788907418,0.46880141209073534
2022,Cardamom,West,26.203677666383957,908.8146242351697,58.06513134265572,124.98246408051128,6.6016326509014105,0.6679312957049692
2022,Turmeric,North,23.976400801920114,1084.142951414934,66.2671280613641,203.51257177500315,5.55717841987943,0.9818558491821823
2022,Turmeric,South,23.104842117010985,751.6952258006725,75.2519631940273,151.19182236555739,5.783699643838484,0.9175401252259585
2022,Turmeric,East,21.7724022235331,935.4384699923553,73.09183771249204,173.00344496994927,5.854115393565141,1.078081714589588
2022,Turmeric,West,19.709143169163287,598.9085938618101,62.535231535810496,180.17747614155445,6.549507877252075,0.9628501273019487
2022,Ginger,North,20.128032727749183,898.4623803219503,64.31204547483749,156.6135153934042,7.482532997490087,1.3150687824836615
2022,Ginger,South,22.558534084349418,691.0620637656499,67.57599304747062,141.21438189084685,7.211098980871056,1.4871879199570066
2022,Ginger,East,24.830820105862685,955.6783427914254,58.81088124049496,155.58998636114762,5.726318013179353,1.1075541932115995
2022,Ginger,West,21.333092335471953,890.3728352901215,57.964057524560424,160.54865712459454,6.180554924337714,1.1917721564752255
2022,Coriander,North,27.360135428584016,637.9262879194949,61.407678458140154,172.63307740188213,6.903889649149177,1.0864473653226314
2022,Coriander,South,25.52949805387032,830.497405900075,62.51827941029456,160.48905530672639,7.466972108383205,1.1948332404619857
2022,Coriander,East,23.690146268211855,704.5209366485944,66.99673980859507,146.3207088037891,7.352122745573506,0.977414316627779
2022,Coriander,West,24.447262063437858,624.1729561141408,81.72274918988828,127.42729085372332,7.407332114190836,1.1600155320449907
2022,Cumin,North,23.580084246857798,673.0682787333899,65.59399665800692,88.89168798644343,6.157721265061355,0.9501460468085778
2022,Cumin,South,21.015536344155443,775.2483778465789,69.1161736612712,188.77490888529394,5.75351239125083,1.0028940008502099
2022,Cumin,East,23.555703428392977,875.2535525987447,61.72800656618722,111.76430699918276,6.163953904322466,0.8307223401613666
2022,Cumin,West,23.97126520169448,674.8954139362683,56.32518557780642,165.3082430810382,7.4052037234863235,0.9129195253775428
2022,Fennel,North,22.440847205972908,935.8191568819373,69.03323640760222,161.91533767549535,6.445831941956915,1.0498093258555907
2022,Fennel,South,27.96454783868267,752.7314380715248,66.79679581366608,184.58560196389936,6.97277958010009,1.150708001906947
2022,Fennel,East,30.176558213693497,860.0939908020438,60.160193946356436,130.89547920816335,6.05253075826285,0.8549852942786601
2022,Fennel,West,25.47784547245168,537.1943253643614,61.09703060147064,161.15389344905668,7.419397601102009,1.0600780229343492
2022,Mango,North,26.499480996918237,743.3955465645868,50.8625442292196,106.46053934839114,5.822245793431668,8.32357844168485
2022,Mango,South,22.576056408933297,695.3617773910797,51.272487419582134,157.5038435381744,6.736074961123549,9.202877068836138
2022,Mango,East,29.56483395316845,832.9427266986248,65.268256396573,131.19761698866262,6.125816666117274,7.561499579263753
2022,Mango,West,25.870419882427584,884.2414587629357,65.73184004782055,147.3466998096921,7.395610036724936,7.83860067872988
2022,Banana,North,30.87445668073814,877.513753680808,67.81618500743687,188.3796752966892,7.301358774040034,25.387874821604477
2022,Banana,South,28.52904387689046,449.00852764003065,57.679329995113065,136.47681928512827,7.452190358222977,27.87822615514412
2022,Banana,East,20.928985629968285,502.10136932306784,59.80545595906867,152.9188704459621,5.799355011140897,22.701377380014065
2022,Banana,West,28.764710383545175,711.6874192348348,65.53181143315845,155.21731458858847,6.305505116981378,23.910862376124904
2022,Apple,North,28.73459919960047,663.7721656794674,60.98682656962834,143.89462399560827,5.5101342289945245,10.47386263239425
2022,Apple,South,21.298546594677916,850.4414238487309,59.40776689376873,136.19023255248203,5.701288788623925,11.24892662190169
2022,Apple,East,23.19401640649559,535.8498768712363,63.58523308566654,69.32750938048538,6.584391289772148,9.362386183698666
2022,Apple,West,21.285516566993625,621.2268858059407,66.54257240289546,95.16312236537514,6.482076939676245,9.75045759951588
2022,Orange,North,22.886339896934473,873.6116064540599,69.728382919208,136.6029930291379,5.993410814550057,12.488596602752478
2022,Orange,South,20.4560794579836,744.9488431207867,80.53396897641362,177.6043789135919,6.489864648678473,13.472182742866806
2022,Orange,East,26.956854955471186,780.6264842661569,62.760270937547766,152.81872345191874,6.001003193769407,11.185651404522384
2022,Orange,West,24.62319604210886,794.0895635317886,62.619743951813334,147.57433197522795,6.539556972675954,11.684869564675047
2022,Grapes,North,18.278052009034056,642.5587150831733,71.37275442178353,173.5217309568324,7.308163417082616,15.293127912763326
2022,Grapes,South,23.494726716490838,740.9811504952228,56.986440792508716,150.01430515595848,7.348487868687582,16.823789391386338
2022,Grapes,East,28.61891071944698,592.1840617739348,65.14378063494647,217.45101142043566,7.4416948029700185,13.670643224076134
2022,Grapes,West,25.59896109447129,940.7577550331604,62.67068983658927,176.37636372356377,6.773258236890097,14.502089934151472
2022,Pomegranate,North,26.15743810962592,625.7213673985067,55.44673075126947,142.02479923817867,5.544032231334237,9.317243110928572
2022,Pomegranate,South,18.612098141302926,522.2922812248886,65.07850992317124,178.58260685825036,6.215935651119331,10.342658827696745
2022,Pomegranate,East,27.959350621679015,877.212640896449,81.64251406487307,149.99391635943698,6.061895651599402,8.174557685060297
2022,Pomegranate,West,25.992003894517197,968.6239060326103,55.69683747001759,172.82589961615656,5.780536323270857,8.87045356577633
2022,Potato,North,20.347672576910234,735.2441461101515,71.15351052807668,160.22356917252384,7.105696845939457,20.396506227656296
2022,Potato,South,26.24279735999042,577.7845220015037,61.11896046320104,141.74868161889998,6.952362244000031,22.499702277802008
2022,Potato,East,24.575041384207427,814.4352555409916,71.55978913877429,173.65609179038285,6.256061533748621,18.229931940913133
2022,Potato,West,20.64437914938049,829.2109523756351,59.230708309127984,150.14821868694304,6.532225700163629,19.2507378934731
2022,Tomato,North,29.53057130744197,583.1240462006215,71.14135591011494,152.46759921038344,6.167663047404144,25.202805291745953
2022,Tomato,South,18.00893006541085,865.6845906015551,65.9470070826591,124.89897847449433,6.520791245040198,27.77005304841144
2022,Tomato,East,21.605484095943513,759.3148373355311,57.960543933197506,173.25415572203997,6.910054191105056,22.915388742576663
2022,Tomato,West,28.392180801411957,904.7074219612412,68.15301208347319,146.9672832152605,5.597051903153386,24.122006439600547
2022,Onion,North,25.907700269520888,577.2613815917435,76.26008331377795,126.39621494950119,6.865143840613529,16.052889166345874
2022,Onion,South,24.102454505638537,760.1125009036206,74.44421032985377,131.78814960288122,7.157725146335103,18.00367130469625
2022,Onion,East,23.62378907588502,849.4120856943658,71.41449373220846,161.8725623126075,5.970988791449036,14.661207359212089
2022,Onion,West,23.339890458902175,615.8242641697965,56.27445404238879,158.39875342598637,6.158906871915081,15.495650994956138
2022,Brinjal,North,27.23907804536722,688.7561327364414,60.81060249555588,98.74069709098225,6.07400035815794,18.27634784243488
2022,Brinjal,South,26.791634586446943,758.9651040137098,83.84903170141922,169.00302022638604,6.2602119974316075,19.881721748427353
2022,Brinjal,East,21.334624532589164,450.8797701247706,65.00927651015756,192.12196492956787,5.590316680710993,16.516715655815034
2022,Brinjal,West,27.891738042031125,805.9686107793418,74.4497730737648,147.59639280188776,7.466561205150348,17.45548745526586
2022,Cabbage,North,19.95740578945986,644.1500210161689,70.08729134136807,146.84890830338193,6.533537814288113,22.54426432723354
2022,Cabbage,South,26.654547606940234,842.4205741152998,79.89531902520139,144.6755335862447,6.078939377345073,24.500457257038327
2022,Cabbage,East,25.131565293099225,872.6073959623117,67.03937452233892,197.33271419499476,6.844959899165014,20.033749727441926
2022,Cabbage,West,28.24614160708507,711.0247158882142,62.884209727224714,166.69453901490468,6.410735467007127,21.064944747317327
2022,Cauliflower,North,23.90971477053153,777.8888685754824,62.01035391397103,136.23268328749248,7.142583569638656,15.345727285058317
2022,Cauliflower,South,23.434910077795713,821.1719679210388,67.1321731998256,143.52602913081216,5.868975754328796,16.656849734862487
2022,Cauliflower,East,24.183121536177342,432.9976337565938,67.86988915197293,194.51131878231016,7.157918034421346,13.812085226143077
2022,Cauliflower,West,24.185466450688345,958.6955578142424,69.86866045462713,137.58335685634745,6.548179935108915,14.712678574395314
2023,Wheat,North,31.970488862041893,902.5274506099827,72.31926562845415,121.528625817325,7.45875163933291,2.9483763749807133
2023,Wheat,South,22.059058762148208,1204.8188900501666,54.050798514266845,148.39015544622183,7.210022018007463,3.3054642747035587
2023,Wheat,East,28.875701605401215,939.3859642575103,69.72216248860258,147.44334124456017,5.570837946561728,2.768987584484467
2023,Wheat,West,28.89850230101976,856.5183798280383,75.87402215771183,118.87264025551893,7.294973040015168,2.7357840827525073
2023,Rice,North,16.303541561416523,659.1479671487652,65.09246338217136,118.41288487347234,6.489336564454687,3.7562771680533755
2023,Rice,South,22.697957542185506,938.5547909356529,68.07316268333437,177.43546890140505,6.973115964661899,4.029423072338936
2023,Rice,East,23.098653712631222,937.5714184459939,66.11298723665887,159.676366615754,6.525339306352004,3.248762316511345
2023,Rice,West,26.567949210703176,770.9571066950128,75.39705028242751,140.0167494274947,5.793749025937654,3.3300381482022967
2023,Maize,North,29.84659573634052,774.3362773409892,65.9673154355723,140.7712516435187,6.868478453205161,2.8895352711493945
2023,Maize,South,28.65143081352227,1020.77360928221,70.56234181331509,156.5816371893849,5.587694037421926,2.9710196270012426
2023,Maize,East,23.36775606694726,615.2614832370116,65.90528009114226,169.86603008934148,5.590221991040788,2.288504818893676
2023,Maize,West,19.755797584258644,775.7878918042093,61.860720325728785,103.05422809831944,6.343058729694055,2.6479957354220476
2023,Barley,North,21.018791301357098,946.7590144382012,64.93747266327537,120.00484564877775,6.661134047181575,2.4948552128536856
2023,Barley,South,21.58703056920799,598.6375552389832,50.9806337444048,170.42666341829107,6.221998506060309,2.4829768241434547
2023,Barley,East,22.89117954110269,788.8499907227372,59.706481032269444,121.48553776278614,6.263077684947093,2.160409225109351
2023,Barley,West,25.487495530747267,787.71714960379,57.309283329541884,155.80535034700878,6.06485453268535,2.214911327192979
2023,Sorghum,North,25.932491626979218,976.7981960528372,61.11718951371543,143.70776273077365,7.219057242226112,2.0868879867576933
2023,Sorghum,South,27.5820630135174,1044.2205948035755,65.12968377331029,125.76076105156181,6.363740779224939,2.1663712167468674
2023,Sorghum,East,30.45547169720431,579.8540488347844,69.28523241081979,122.44788588059836,5.899296038362668,1.9587609868300315
2023,Sorghum,West,25.467846109920945,806.360014739629,59.1950603474937,158.9367546462181,6.973959191442304,1.9329023945293473
2023,Pearl Millet,North,26.084513100171055,940.4788162231436,63.70186768730245,141.45441428759904,6.663550119555537,1.542286552214125
2023,Pearl Millet,South,21.223520100286677,925.7523683875239,69.3420414996019,136.8589395524949,5.789121707244394,1.8251263586363418
2023,Pearl Millet,East,20.14056398060118,797.6065938976345,68.32249181792267,185.53758213082733,6.073273705696521,1.5843455523892969
2023,Pearl Millet,West,29.661499426887037,848.1257096574898,66.6490397458486,120.92364329366396,7.22298475943725,1.5058676120956411
2023,Finger Millet,North,24.48653707164927,908.5647140323603,75.79557346030414,161.27609084364727,7.038122946762342,1.275706568050237
2023,Finger Millet,South,22.601885395653383,939.4209394091503,55.253083649965276,143.91170332269493,6.457439799182364,1.3655410187688273
2023,Finger Millet,East,27.43760986193777,814.0786430485214,47.848265347024046,152.55955495869134,6.636725517695187,1.2624193908353816
2023,Finger Millet,West,20.984859029367755,1336.2853731148891,58.00340219113678,163.11372960163578,7.0694288612621845,1.369369382259118
2023,Chickpea,North,23.446509426386843,954.8145977735397,66.24504709199863,149.67948471059012,7.398356040231532,1.1977995567093116
2023,Chickpea,South,25.844049679296802,974.4174001203356,62.36922546672559,137.65703769696592,6.198769383339654,1.3675169092049397
2023,Chickpea,East,25.021295200532677,957.8643093061648,59.37050587606402,131.44300786228158,6.36148394976259,1.1746871059679205
2023,Chickpea,West,29.35040431862675,484.4419281309235,64.13465609450917,164.4499685933617,5.5817479549712665,1.3338132077108416
2023,Pigeon Pea,North,31.02697937844957,661.7113531599713,62.11436399640341,144.507823874404,6.172681277041534,1.175928206668136
2023,Pigeon Pea,South,29.82808700249782,1018.0820030580513,65.08159634274936,165.4856142514306,6.063207498206099,1.247845360844101
2023,Pigeon Pea,East,26.64758336283397,596.9438203919066,54.734807636666474,121.75322458668333,5.6493588656334195,1.0559005451589403
2023,Pigeon Pea,West,25.777018264302196,1050.8348502042882,74.1259636942028,139.60953197283004,6.678120228331927,1.0107812480718636
2023,Green Gram,North,28.13543259730712,695.3221865687169,79.01655839656748,101.49076010595365,7.325444166582582,0.8619955460311395
2023,Green Gram,South,23.997141114148125,1116.9753038691308,57.4831238632172,144.0866686975969,6.762998213346995,0.9676007841370377
2023,Green Gram,East,18.31094329611065,637.0097324570763,47.70816901292446,139.81033513529457,6.920928567192905,0.835114848753448
2023,Green Gram,West,23.928003032930306,1100.1605635792782,71.75924738097368,171.9824131419858,5.519345077693838,0.9952933066734944
2023,Black Gram,North,29.004999688818483,657.0719371826704,57.12177931320787,165.84755088616123,5.6078249177521124,0.938127612992496
2023,Black Gram,South,34.10018791126003,848.5095230215022,71.24807163685722,134.13696691415146,6.188081577229456,1.0623138068607274
2023,Black Gram,East,16.206709708862384,1142.0176919758085,62.97744547737727,120.50505976743818,5.720352365465951,0.9937172534398058
2023,Black Gram,West,21.691217901102608,903.9070504859975,55.08697580878186,173.9259207534056,7.0103371845906555,0.8373277967652216
2023,Lentil,North,22.70843136852969,836.6235877974641,68.1934884760508,173.39194074781642,5.587451390855596,1.295618157148266
2023,Lentil,South,24.83775575295657,707.9585988769622,74.7322258603963,129.1563189820221,5.793714297280404,1.1755958833790825
2023,Lentil,East,23.337392635142262,675.1643310823612,64.70041307928244,121.73421583746976,6.945691750686578,1.0504134056558754
2023,Lentil,West,22.33933559716649,1069.354261713921,63.01914281665723,156.80498149384476,5.649238111137416,0.9188239034480651
2023,Kidney Bean,North,19.413274015329662,730.0602730069621,63.6170153969622,143.19393706359904,7.275316656924552,0.896449736868529
2023,Kidney Bean,South,23.29625856853652,1074.218644367049,68.49614097658736,133.93196015293216,5.828441374919142,1.153106482781861
2023,Kidney Bean,East,22.377968520392013,756.389877162201,67.08472916112048,180.00795770500673,5.811033095810452,0.8870680498209346
2023,Kidney Bean,West,22.67267400603948,844.7924376689781,59.509245706808194,169.55289012440966,6.263864911738373,0.9246561705047927
2023,Groundnut,North,29.54946109595672,1089.6808166697037,75.86227641646457,132.16245562507012,5.845510787981445,1.5463953079476693
2023,Groundnut,South,27.328262118587695,744.2113816130931,61.24050075509422,184.9453619726381,6.08270480944878,1.8493622610721987
2023,Groundnut,East,34.46888478115917,880.9202325098548,69.4102666622047,124.99652696900108,6.872472056231636,1.4416298112129036
2023,Groundnut,West,28.38911232427603,833.3709694923695,65.14142801469502,102.80157646021323,6.2232569186805256,1.5199463814097642
2023,Mustard,North,23.8419320731324,955.6445910589424,65.61107526071157,174.36814002264322,6.466938128646702,1.6278392612911707
2023,Mustard,South,25.335082390320025,786.4892689896895,75.61686742335189,135.01071576709074,6.285518269109385,1.9539253787176971
2023,Mustard,East,22.944608166321636,717.9193993068042,68.70245167345483,149.28295853406718,5.651170184810894,1.5907492833198298
2023,Mustard,West,26.903290080396864,825.8031157430213,64.5449108036595,179.4786429058919,6.6953642560556155,1.6397826976517307
2023,Soybean,North,24.011676685825496,620.4115616251772,64.17113364635514,143.784378135864,5.944712906383824,2.0508883540888165
2023,Soybean,South,27.727216728656433,347.1175254590898,66.72394774388945,179.146945286432,6.261292293394915,2.167028097805048
2023,Soybean,East,24.69061581294587,752.4883426330892,65.6396558941261,149.476801592133,5.571688304649122,1.689460586088776
2023,Soybean,West,27.558024530845245,778.6457976514068,80.5784338311174,178.04876229788061,7.455694174656114,1.755097595299916
2023,Sunflower,North,21.240973498985127,630.8584443144226,67.84282304991616,179.24695629115325,6.7210451115473715,1.1582303292631593
2023,Sunflower,South,27.77211283833556,613.0755830829196,46.64494792477038,203.47244642908493,6.431916468431029,1.540800163064886
2023,Sunflower,East,23.648872017715355,1023.9173115705289,61.82597255694074,171.10521622087006,7.428873466350003,1.2136399982712123
2023,Sunflower,West,24.994388821915837,316.58031225412583,63.789096771394064,78.10566430929312,6.285784591662358,1.3199305987029752
2023,Sesame,North,33.15361657968394,827.8734445226955,58.20781254334372,186.63448568746296,6.3270810454869775,0.8654528110297094
2023,Sesame,South,16.338638745488296,733.1461531052154,62.84376463483869,192.1372942927351,6.487611654580285,1.0662274425331497
2023,Sesame,East,21.982885790129718,607.5691357865071,74.1395965040141,125.42142184332872,7.450229014091452,0.6934698631641713
2023,Sesame,West,26.754176041107822,569.2034636138826,64.56119120923584,131.22080172275565,7.154686316676484,0.5897146366964019
2023,Castor,North,25.797050043025887,794.1132276043318,68.23526523257134,89.68622955200473,6.149249447956889,1.4240857212091638
2023,Castor,South,25.697530100972376,1168.5244663076578,76.51678341944108,131.45448395745603,7.286685905608383,1.637334278754506
2023,Castor,East,22.2796218534372,874.7116654783898,65.7020016230567,119.585438290128,6.692681530220206,1.4721200628215192
2023,Castor,West,25.173070457923597,895.2901652309374,62.411860452460886,161.0126793150906,5.6434959284514274,1.4114029533911943
2023,Linseed,North,30.581031254985817,777.5279021093799,48.90002518635718,169.4117728032831,7.174419820578537,0.9524481506391118
2023,Linseed,South,27.08759445059979,785.6920971888862,69.69481231027895,101.74782826691418,7.050991503272156,1.1488632442184854
2023,Linseed,East,22.4116991536486,927.0464133394099,44.9182228716767,149.03370577931688,7.376843704197539,0.6202768680728162
2023,Linseed,West,27.988560013285916,699.7733837432665,55.66465758902845,154.95196542578998,7.153274295542011,0.996699055619973
2023,Sugarcane,North,27.985087186000587,565.3471353560748,57.780682234047,137.95339211288191,6.521772016449328,65.09162769680373
2023,Sugarcane,South,25.91657269616451,837.7305723768347,66.50783192871589,162.60797538911402,6.901964012043654,71.7637839857554
2023,Sugarcane,East,24.375959095982175,587.2165602081017,61.64595503733667,141.28105468510606,6.158742979288885,58.8468288176002
2023,Sugarcane,West,29.26288510221368,872.0300471017913,57.498050160588235,171.3280719106327,7.323968392215389,61.923012116199466
2023,Cotton,North,25.280425046499055,990.4876128060303,81.34433794776254,165.1907939837035,6.740685722634431,1.3530090463386057
2023,Cotton,South,23.70994073801855,654.0211689120418,68.48166690389611,146.8368639675566,7.399927825674063,1.745124157018793
2023,Cotton,East,23.30171659218159,881.3301430982532,58.838184135118865,163.5881083137507,6.707601536024378,1.2941280453832698
2023,Cotton,West,27.067830071443662,909.1589249534148,62.78340982753459,153.34124511181165,5.586335028562447,1.295397586811945
2023,Jute,North,24.497111885807477,904.832244783951,63.20558101801876,145.31222381961712,6.507070093116267,2.4711040819319066
2023,Jute,South,18.495967836700338,547.383049541683,59.43917870338778,167.73418486458533,7.069546406284768,2.684877420716216
2023,Jute,East,24.1541342963731,845.0397410723815,62.12566703338129,144.7793963751618,6.047262785471475,2.1627567437346453
2023,Jute,West,24.289800615515436,770.214726578371,61.74752090255047,115.29284764880924,5.612389873466514,2.428505965040131
2023,Tobacco,North,26.489118180774305,951.2852638738866,72.26089448837415,129.39443901581367,5.97755001663912,2.082812073669201
2023,Tobacco,South,28.955501196507157,879.881002986357,70.15298299168147,151.40364859877386,6.645268218099543,2.0951942035754705
2023,Tobacco,East,19.674327482171908,735.3173677284769,58.77008387704678,137.2608374282542,6.464162316464547,1.9465970334026783
2023,Tobacco,West,18.92818083594607,717.216192474584,68.30594833373321,182.3498869818493,6.691097792578413,1.941393215124494
2023,Tea,North,30.745341404276235,840.2258979389683,93.10941050452368,158.4648437447304,5.88818907857921,2.2628240456455195
2023,Tea,South,23.869009436414423,841.6022189897244,68.68910707923182,134.13800472309768,7.3403668060266725,2.3773251820863597
2023,Tea,East,22.780437079001203,677.0831912829025,73.60747298160639,153.64396598319144,7.026587105117895,1.9532440228452956
2023,Tea,West,22.41911792112906,820.7751966349194,72.89409293986259,138.96310486717726,6.179140145610505,2.1760283909799885
2023,Coffee,North,26.484791973314795,976.7457911145569,50.196049183439214,127.84673542510487,6.867694416263375,0.9486481103271005
2023,Coffee,South,28.572101794433614,980.3412732776884,64.86262849129433,136.87863050164182,5.844529628711577,0.9013916296229907
2023,Coffee,East,20.588590459708744,925.2053446705979,62.97731453814134,145.4011675390886,6.530169885435269,0.9582439879073332
2023,Coffee,West,30.762837728876622,681.2150775130708,71.06203824166546,138.8386380436238,5.771814764585398,0.9433954168092232
2023,Rubber,North,19.608164228148265,632.058668767689,62.5443014497908,163.9903327784361,5.880721876011364,1.7238404646263656
2023,Rubber,South,23.27297628570112,889.6751181801955,81.10958679627882,123.81814899772402,5.544278325884292,1.8337295829463904
2023,Rubber,East,26.088409711556608,799.5933221659327,49.612502073664636,152.40391974965738,6.62953679838268,1.5627159022534645
2023,Rubber,West,23.455295014987122,892.4824159227071,62.982745193315374,170.76984807758274,6.078543387448956,1.7111699862667453
2023,Black Pepper,North,20.027417737949854,738.7902689785253,73.23721928671615,116.83726265663815,6.980625968661965,0.7580246760295929
2023,Black Pepper,South,28.290626757293413,750.7713533790942,61.77794168074866,156.39460630815913,6.375972043123932,0.8401020699182762
2023,Black Pepper,East,29.70011116433213,906.653946009926,63.85400786956704,159.99309760997352,6.9264312928865,0.5469333286133256
2023,Black Pepper,West,27.509788698062515,656.1605835940784,62.90569861100723,198.12351282967643,7.0985676153353,0.6368760212056435
2023,Cardamom,North,19.20133200698612,829.6678096292226,55.2362740049108,174.13774800234225,6.6991913245203145,0.46730940348550676
2023,Cardamom,South,18.840646083897735,729.1356054617446,100.83267400820606,175.46561275084528,6.955582977385793,0.6460644010385622
2023,Cardamom,East,32.28303369100206,644.5781949204178,58.35248683354562,158.04651761990257,7.392805650044201,0.5045315433582376
2023,Cardamom,West,28.697631358623887,1088.9356714649878,72.52447907212203,157.30807401051834,6.650755638659981,0.516094345556092
2023,Turmeric,North,22.9474198214578,777.6125199764368,69.6553615155065,193.87952510081786,6.675884476776529,0.8561508188530269
2023,Turmeric,South,20.972353967923315,424.92263809841813,64.76745712280946,143.94610138243647,6.6188128247157945,1.0880369111517867
2023,Turmeric,East,29.976146170047173,922.2769927906243,62.74965077864344,147.0366441492784,7.163740818701927,0.7747064479824483
2023,Turmeric,West,22.473356244107002,900.0288398922445,65.14855702973085,151.11666456660828,7.254990679095623,0.8769861953507703
2023,Ginger,North,27.87331489383684,901.6737145117288,70.72697202274873,154.26035672028965,5.957050295413489,1.2039406307747944
2023,Ginger,South,22.949596052066777,737.5768620609483,53.86591349290996,185.9940210497383,6.925353129218387,1.1047953253092215
2023,Ginger,East,25.656198128887567,623.1673257656496,53.95688122620746,129.81805574974072,6.4085354864052455,0.9735816044813884
2023,Ginger,West,31.1039082060756,1053.1154514319073,69.67013860121678,159.25000498326025,5.614452814822937,1.0409904178855456
2023,Coriander,North,29.87104594858805,1104.2770518817117,70.02566409437071,156.46004288836582,7.4446574206207865,0.842202342445323
2023,Coriander,South,22.947895977472704,653.3098524954747,65.81625133402655,163.7470592597904,6.560186126949533,1.1846581216108072
2023,Coriander,East,22.94573882955063,762.102637354028,74.45462635153632,137.62724511274246,6.567249175453235,0.9131077496124884
2023,Coriander,West,26.468445373714843,843.8382372237465,72.3592578045971,173.23518484297702,6.772289616878464,0.9577946128494164
2023,Cumin,North,31.915888677572642,871.328641476699,72.67859162193895,191.8489527416514,5.884285697393109,0.7284749041473855
2023,Cumin,South,23.338757367566746,701.9311283784807,60.384836341776,195.61098301043836,5.743166614172482,1.0255016733707834
2023,Cumin,East,28.02042754759877,661.374268940808,65.50590125655299,130.86203757891047,7.480652189053731,0.6441013870021719
2023,Cumin,West,30.538614802823215,778.6684325913567,72.87462626181612,175.91261293908772,7.257023943622502,0.6918276389458053
2023,Fennel,North,24.966446821733207,863.3423659633675,62.45149756720092,141.34590177540628,6.83966390459444,0.7886185614454677
2023,Fennel,South,26.091076247342578,587.6952926195293,66.21612622270223,138.81887238031732,7.167394433988052,1.1253967954346094
2023,Fennel,East,26.431836711167406,768.308734769614,81.48273235069465,123.29882154084399,5.640575228059838,0.8201393320110577
2023,Fennel,West,28.834907356495016,1080.3468568655774,71.59249450023296,168.86455992265718,6.756035611998107,0.8721658696054604
2023,Mango,North,25.67490952583668,986.6999044221874,60.82294864042242,96.75251378981855,6.1561584357943335,8.321964049686418
2023,Mango,South,25.930372714071645,798.0279483741059,55.200990507689106,157.65539199453377,6.714000001956339,8.935989322142602
2023,Mango,East,19.65511019010867,799.4286975111248,55.050615086489266,165.92381349987176,5.938289936465161,7.335524621988992
2023,Mango,West,18.339328331156473,910.1172003324203,72.28149291501165,109.37125599028244,5.948165183156006,7.91397956852236
2023,Banana,North,28.883797240175838,873.4527457415451,74.23893237664615,153.20437976676698,5.66231849824943,25.152819512451128
2023,Banana,South,25.414362330582197,777.5098375469065,83.75254440785164,149.3777160260283,7.3336611514268935,27.746759012094138
2023,Banana,East,24.7627868791986,1014.1868011898869,70.62794818168938,174.86025703044075,5.757136529205938,22.684236923143708
2023,Banana,West,25.46930760207793,784.9376239274512,80.0754738337706,152.29866008399358,6.212236460434185,23.80995797177396
2023,Apple,North,24.01781627341086,644.456094860858,70.06453237997782,120.52509567607761,7.030916894493728,10.316475175803786
2023,Apple,South,21.369434741164753,999.0241169123174,60.68977780849154,178.8658414476357,5.909479632694193,10.99878683408502
2023,Apple,East,28.35015191251997,722.5455694951389,49.22547865814448,179.41958455435804,5.725541116978306,9.185133409167584
2023,Apple,West,26.988035073058494,613.9422622199742,69.1831171075806,164.7995787381044,5.728651491202404,9.655691609796238
2023,Orange,North,20.300414511632788,1085.2740112528606,70.52816376258566,148.11427909721021,7.063220098461104,12.188990486552141
2023,Orange,South,25.71966005847743,802.0105069265664,57.50353858827093,142.52540006570396,6.363850242691845,13.576976037258348
2023,Orange,East,31.25987684602432,1060.34197947762,72.3918614329612,136.23779349330925,6.6318674973840945,10.884689321509079
2023,Orange,West,21.8710928999687,627.5439235417809,69.80731025932268,153.48631165072993,7.340031553992014,11.66549467311031
2023,Grapes,North,24.60388094055328,774.1340499895232,59.7021952523719,146.12473943239098,5.9583698218555705,15.192827439751227
2023,Grapes,South,26.622824374352987,1053.415352409631,70.84803396053485,161.91448491368163,6.918524187559,16.703543067148473
2023,Grapes,East,17.901711441177447,551.1337357705906,62.61109216420556,129.15522342368058,6.8192427369510416,13.788323452490003
2023,Grapes,West,21.126861346332124,838.4350868995463,84.8154330697873,118.93589993000737,7.087877413063913,14.49134604522915
2023,Pomegranate,North,24.337803873327566,570.1149046866437,67.35151878628984,188.12167611024557,6.327256836219708,9.300217580240973
2023,Pomegranate,South,26.121723956393936,703.6177742768092,45.61133749735018,158.55998374989622,6.719003192781162,10.240419765451675
2023,Pomegranate,East,27.5405612295397,752.9571231065105,65.90449623234908,209.93639274310328,6.146618251021761,8.338047665109656
2023,Pomegranate,West,22.959450334267338,939.4047841358902,56.351125217407095,170.58865299604935,7.219135177622228,8.742796261391618
2023,Potato,North,27.228249752444587,870.6578329413275,76.4805232960169,186.52046795722782,5.794240690135169,19.979490584223633
2023,Potato,South,27.55370011156255,664.2336779997911,65.5505892616372,136.00864547937095,7.459336260844799,22.20152870576275
2023,Potato,East,23.974658875235548,749.2210188195171,56.02536959669933,148.66915831091418,6.268461076078697,18.163311906730904
2023,Potato,West,24.240262158477393,903.1707285130335,72.43799765862096,178.77809249016858,6.071221071490408,19.216878747590528
2023,Tomato,North,25.03456207554737,994.1917235349345,75.01760524443662,148.4855764937136,6.136012838788801,25.322065473684365
2023,Tomato,South,20.677923048912184,933.57796918149,70.2400250769556,159.35525634475064,6.405014672918563,27.62766229007667
2023,Tomato,East,23.897370168009026,929.3212749954757,59.06282860972542,149.50874969496277,6.471963569128206,22.833093324600924
2023,Tomato,West,23.243664937240094,964.2823187891387,67.63909059295834,84.66828652074955,6.113786364378159,24.124097025240253
2023,Onion,North,24.087273573840704,918.5660944458559,69.63598990080516,143.39476787514087,7.438003748284306,16.014874193179924
2023,Onion,South,26.914096425012502,835.088591702032,66.32167475710988,144.51389739633566,6.832192435515843,17.84475415160443
2023,Onion,East,25.20184597917498,969.1388238852528,61.89706244133591,132.29513937789397,6.2097684058537155,14.503632068205546
2023,Onion,West,24.686966388912932,748.5433019079001,66.66305942906662,168.3312118140751,5.625344269403932,15.514689807882144
2023,Brinjal,North,31.202331828586956,904.8823663001859,72.35171862774096,178.46696072928,6.311704210670042,18.237975714644683
2023,Brinjal,South,25.39302031604554,1054.3275643896986,61.247435056449454,191.57284137468608,5.702816292475061,19.9255729152415
2023,Brinjal,East,25.164231863615115,739.5201694602915,69.4139724389544,143.02349634456976,6.382808799752949,16.44418944138839
2023,Brinjal,West,18.075675012711386,855.672077842663,60.31136474862094,195.84021646069795,6.868328774115561,17.544186001892495
2023,Cabbage,North,24.84218755697186,740.5990378135903,79.56027850213951,149.4659406889631,7.148208247710444,22.13296086754895
2023,Cabbage,South,23.56007074899818,1084.181528845399,65.5731463165673,161.6304039420275,5.640661565368879,24.354824743440975
2023,Cabbage,East,32.0897028482521,815.3296809414285,64.76024460744392,178.535585617459,6.86311506925879,19.96862824118791
2023,Cabbage,West,17.297692270783003,912.1468526405505,62.07652706296724,160.24563332340193,7.346506576081229,20.990956474524843
2023,Cauliflower,North,19.900315951412388,926.1623050482098,66.98990583782836,143.32585134541094,6.7911472737463425,15.202342290090343
2023,Cauliflower,South,18.150158627418307,929.7074723549413,51.29134939800806,121.34901693252108,6.714173562405101,16.628734248729735
2023,Cauliflower,East,22.384472402685272,729.9857066806156,62.16632190667641,147.9204834973898,7.3619458284856885,13.759837706071508
2023,Cauliflower,West,28.406325618340528,707.3480304287909,72.88531102998397,127.63164758118437,6.611393017587481,14.339431360668625
